index,epoch,psnr,ssim,lpips,rec_loss
1,1,24.19048826538086,0.6351339580535889,0.10904705994129181,0.030198828879594804
2,2,24.13616948852539,0.6336240325736999,0.10945084755897522,0.030825312321782112
3,3,24.125049539794922,0.6333298602676392,0.1094481520485878,0.030739361003637312
4,4,24.136115919189454,0.6339923775672912,0.10904828715085983,0.030803655054569244
5,5,24.10463257080078,0.629481773223877,0.10929132862091065,0.031162258731126786
