index,epoch,psnr,ssim,lpips,rec_loss
1,1,23.93250590209961,0.6290664399147033,0.11319060581207276,0.032164505143165587
2,2,23.882869050292967,0.6282279664421081,0.11343352632045746,0.03288225939154625
3,3,23.91175799560547,0.6280203673553467,0.11264897208690643,0.03252958431959152
4,4,23.84871185913086,0.6264257207679749,0.11274115901470184,0.03307024262011051
5,5,23.871665988769532,0.6249595212936402,0.11278026956558228,0.03267575972020626
