index,epoch,psnr,ssim,lpips,rec_loss
1,1,23.032974302978516,0.6030877791595459,0.12900502645254136,0.03786916854143143
2,2,22.961648067626953,0.6031652749061585,0.12901161482810974,0.039138626623153684
3,3,23.023306416015625,0.6024969686508179,0.1282902418899536,0.03847181617975235
4,4,22.944788506469727,0.6016174268913269,0.12863110287189483,0.03913717822313309
5,5,23.019816063842775,0.6009279034805298,0.12804654715061187,0.038411563353538514
