index,epoch,psnr,ssim,lpips,rec_loss
1,1,22.96641518859863,0.591556337146759,0.1416142224264145,0.03875629036545754
2,2,23.006681771240235,0.5928225011825562,0.14052988951206208,0.03825664065361023
3,3,22.99273940185547,0.5919187763595581,0.14021421422958374,0.0381893145775795
4,4,22.917006052856447,0.5918782495498657,0.14010721591949463,0.039069974136948585
5,5,22.904126666259767,0.59056478099823,0.13968556385040284,0.03931522492289543
