index,epoch,psnr,ssim,lpips,rec_loss
1,1,24.487616159057616,0.6453250187301636,0.1036256152176857,0.028552901110053062
2,2,24.340752775268555,0.6411771940612793,0.10467571739912034,0.029985709511041642
3,3,24.470103842773437,0.6435209969520569,0.10337075731754303,0.028994764231443405
4,4,24.378810348510743,0.6411715217590332,0.10385311557769776,0.029500667678713798
5,5,24.375328937988282,0.6384910471343994,0.10367018458366394,0.029571860570311546
