index,epoch,psnr,ssim,lpips,rec_loss
1,1,23.271256828613282,0.60395603307724,0.12691062422275542,0.03680767980456352
2,2,23.240671002197267,0.6055362775039673,0.12660234289169311,0.03696789811849594
3,3,23.287753229980467,0.6029074560546875,0.12640558695793153,0.03638129865288735
4,4,23.303877221679688,0.6048183548355103,0.1260206274843216,0.03645930318593979
5,5,23.221504713745116,0.6007054531860352,0.12648530720233916,0.03727173726916313
