index,epoch,psnr,ssim,lpips,rec_loss
1,1,24.263439544677734,0.6370301008605957,0.10804052313804627,0.030106196088194846
2,2,24.137386538085938,0.6345487070274353,0.10871745933532714,0.031140748012065886
3,3,24.244041283569334,0.634597147140503,0.10812896813869477,0.030083564398884773
4,4,24.14437434692383,0.6331573471832276,0.10840835115671157,0.030859612862467765
5,5,24.16284059692383,0.6324084394454956,0.10808308867931365,0.030738163276314734
