index,epoch,psnr,ssim,lpips,rec_loss
1,1,23.09596377807617,0.5966220248603821,0.13738027925014495,0.037450926008224486
2,2,23.06750030151367,0.596854134349823,0.1372607437324524,0.038055361075401306
3,3,23.121232939453126,0.5959071790122986,0.13671545788288117,0.0370715035712719
4,4,23.060229727783202,0.595590041847229,0.13647260061264038,0.037965680623054505
5,5,23.01959562194824,0.5932976906204224,0.13680318427085877,0.038408534830212594
