index,epoch,psnr,ssim,lpips,rec_loss
1,1,24.434195125732423,0.6451002589035034,0.10416329135894775,0.028884229014515875
2,2,24.393421870117187,0.6420398852157593,0.10447388366699219,0.029372900145053865
3,3,24.48108895324707,0.6436192510032653,0.10415425174236298,0.028388137919306757
4,4,24.40008135131836,0.6414645917320252,0.10438580761432648,0.02924546966075897
5,5,24.298773112182616,0.6385601093864441,0.10444690052032471,0.029954893303513527
