index,epoch,psnr,ssim,lpips,rec_loss
1,1,23.87960298828125,0.6252919125175476,0.11659132261753083,0.032290037143230435
2,2,23.807507927246093,0.6236095264816284,0.11673072716712951,0.03294802247405052
3,3,23.830729747314454,0.6219750744247436,0.11654920092582703,0.03255698673605919
4,4,23.773056777954103,0.6209937116622924,0.11645087748050689,0.03322502532839775
5,5,23.74559248901367,0.6188759191131592,0.11678042869329452,0.03341071615159512
