index,epoch,psnr,ssim,lpips,rec_loss,quant_error,utilization,perplexity
1,1,24.52549655395508,0.6269174849700928,0.121983292927742,0.027353246774077414,0.2025915305519104,0.99969482421875,15797.81640625
