index,epoch,psnr,ssim,lpips,rec_loss,quant_error,utilization,perplexity
1,1,25.059525627441406,0.6446617111206054,0.10994477670431137,0.025367413132190705,0.14966880621910095,0.9981765747070312,63119.787109375
