index,epoch,psnr,ssim,lpips,rec_loss,quant_error,utilization,perplexity
1,1,23.598478693237304,0.5721831578826905,0.1695123013496399,0.03436315968036652,0.40599621717453005,0.0555877685546875,1660.33837890625
2,2,24.00833667907715,0.5876263737869263,0.15555969394683838,0.030923165835738183,0.3310310053443909,0.0635528564453125,2178.1741333007812
