index,epoch,psnr,ssim,lpips,rec_loss,quant_error,utilization,perplexity
1,1,24.647527165527343,0.6291508171653748,0.1210089748287201,0.02724937086760998,0.20016236402988433,1.0,15721.64306640625
2,2,24.766626025390625,0.6281351749038696,0.1221328028202057,0.02696246003329754,0.19854267323493957,0.999908447265625,15389.34375
