index,epoch,psnr,ssim,lpips,rec_loss,quant_error,utilization,perplexity
1,1,24.896644576416016,0.6375403540420532,0.11570653380155563,0.026178936327695846,0.1722135095500946,1.0,31551.0439453125
2,2,24.920452957763672,0.6372080212402343,0.11358766847372055,0.025995390002131462,0.16743113472461701,0.9999237060546875,31369.3408203125
