index,epoch,psnr,ssim,lpips,rec_loss,quant_error,utilization,perplexity
1,5,27.3011203125,0.7571437719617571,0.07360246018001011,0.01273697985048805,0.2021564918926784,0.99884033203125,15462.7919921875
2,10,27.563454996163504,0.7590680131639753,0.07306026434898376,0.012090729058427471,0.1893173622608185,0.99945068359375,15756.52587890625
3,15,27.683346306501114,0.7607905026572092,0.07242615799563272,0.01205407658879246,0.18640605659484863,0.99951171875,15822.00439453125
4,20,27.68864845842634,0.760451269040789,0.07168268833500999,0.011615145424008369,0.18314352531433106,0.99957275390625,15861.07177734375
5,25,27.45127196219308,0.7581193811689104,0.07067476829120091,0.012368173751235008,0.18312487287521362,0.999603271484375,15896.85400390625
6,30,27.691951199776785,0.760580908039638,0.07083357088225228,0.011665087274568421,0.18037535289355686,0.9996337890625,15915.16015625
