index,epoch,psnr,ssim,lpips,rec_loss,quant_error,utilization,perplexity
1,5,27.745828410993305,0.7640826127733503,0.06854473412036896,0.011637135242564338,0.17015153670310973,0.993927001953125,31219.732421875
2,10,27.890821409388952,0.7656836715698242,0.06640437055996486,0.011321087561973503,0.16097903537069047,0.997039794921875,31483.9619140625
3,15,28.031637949916295,0.7680577624184745,0.06681684111186437,0.010897446376511029,0.15901246958460127,0.998504638671875,31567.5
4,20,27.929880269949777,0.7671455045972552,0.06555382314409529,0.01111305580756494,0.15358804706845966,0.9995880126953125,31673.8583984375
5,25,27.936567011369977,0.7673994338444301,0.06475016769681657,0.011088771335142,0.15351039007731845,0.999481201171875,31726.232421875
6,30,28.1566508039202,0.7712065926143101,0.06600361054284232,0.010670179135671684,0.15258415977273668,0.99932861328125,31714.39453125
