index,epoch,psnr,ssim,lpips,rec_loss,quant_error,utilization,perplexity
1,1,21.597842219848634,0.49447199556350707,0.2560026772737503,0.04991424737215042,0.7631427800750732,0.0076904296875,83.7106819152832
2,2,22.402477853393556,0.5317860229110718,0.21443415559768678,0.04280567539334297,0.6134243357276916,0.010833740234375,143.99124908447266
