index,epoch,psnr,ssim,lpips,rec_loss,quant_error,utilization,perplexity
1,1,24.77022773864746,0.6364767539215088,0.11578527868747711,0.026824744008779527,0.17330124238014222,0.9978179931640625,31582.7177734375
2,2,24.828863353271483,0.6336414988708496,0.11464856983423233,0.027172706337571143,0.16634964832305907,0.9987640380859375,31135.6005859375
