index,epoch,psnr,ssim,lpips,rec_loss,quant_error,utilization,perplexity
1,1,24.152058244628908,0.6323663490104675,0.1241310833978653,0.02985835443496704,0.2849877372932434,0.9072265625,2228.62646484375
2,2,24.156020076904298,0.6324710105133057,0.1244800516486168,0.029743243780136108,0.27642323607444763,0.990478515625,1950.9993896484375
