index,epoch,psnr,ssim,lpips,rec_loss,quant_error,utilization,perplexity
1,1,24.720846140136718,0.6508417539596557,0.11159213325977325,0.02680489739179611,0.23988963698387147,1.0,7548.9580078125
2,2,24.730719186401366,0.6508802094268799,0.11235518131971359,0.02665482437312603,0.23431167204856873,1.0,7533.32373046875
