index,epoch,psnr,ssim,lpips,rec_loss,quant_error,utilization,perplexity
1,1,24.48932685913086,0.6430962950515747,0.11700309886455536,0.02791547732234001,0.25495832538604735,1.0,3274.213623046875
2,2,24.433044349975585,0.6418816861915588,0.11855685958862305,0.028121527522802354,0.24836641926765443,1.0,3215.14990234375
