index,epoch,psnr,ssim,lpips,rec_loss,quant_error,utilization,perplexity
1,1,23.311301856689454,0.5991839432716369,0.1527793901157379,0.03520883508145809,0.3262286773300171,1.0,1812.3116455078125
2,2,23.336662336425782,0.5999812361145019,0.15069869329929353,0.034888084725737574,0.32147801349639893,0.999267578125,1806.6488037109375
