index,epoch,psnr,ssim,lpips,rec_loss,quant_error,utilization,perplexity
1,1,23.04105635925293,0.601527154006958,0.14331192102193832,0.03747328643321991,0.32537880875587466,0.19091796875,1174.8226318359375
2,2,23.286789677124023,0.6096818723678589,0.13859910473823547,0.035961665578484535,0.3092532427406311,0.2291259765625,1422.578369140625
