index,epoch,psnr,ssim,lpips,rec_loss,quant_error,utilization,perplexity
1,1,23.344916424560548,0.6060908966445923,0.14042240767002107,0.0346297456485033,0.3210201496219635,0.343505859375,1097.9212646484375
2,2,23.525542076416016,0.6118428555488586,0.1365071912908554,0.03335187017083168,0.30515723024368285,0.3818359375,1300.3524169921875
