index,epoch,psnr,ssim,lpips,rec_loss,quant_error,utilization,perplexity
1,1,24.52444840209961,0.643837046737671,0.11625058134078979,0.02778080284178257,0.254720216217041,1.0,3754.631103515625
2,2,24.51326363586426,0.6434950242424011,0.11691116810798645,0.02793059118747711,0.2482472616481781,1.0,3757.396484375
