index,epoch,psnr,ssim,lpips,rec_loss,quant_error,utilization,perplexity
1,1,24.12278084411621,0.6351983814239502,0.12116323642730713,0.030696327925920485,0.2801092826652527,0.70361328125,4004.84228515625
2,2,24.2913075,0.6382794222259521,0.11972659603595734,0.029490642400979997,0.26895317276000974,0.739990234375,3588.575927734375
