index,epoch,psnr,ssim,lpips,rec_loss,quant_error,utilization,perplexity
1,1,23.429125563354493,0.6040303253555298,0.14806812150001525,0.0344771144759655,0.31809777899742125,0.9979248046875,2507.933349609375
2,2,23.44643912475586,0.6052455712127686,0.14697491889476777,0.0340931121724844,0.3122669065666199,0.998046875,2498.841796875
