index,epoch,psnr,ssim,lpips,rec_loss,quant_error,utilization,perplexity
1,1,24.69324709838867,0.6507041703033447,0.11188127515792846,0.026940043405890464,0.23978531065940856,1.0,6514.24072265625
2,2,24.65920797180176,0.6498792833518982,0.11443298998832703,0.026850108989477157,0.2323743374443054,1.0,6396.552734375
