index,epoch,psnr,ssim,lpips,rec_loss,quant_error,utilization,perplexity
1,1,18.356085084228514,0.36508146510124206,0.41902679384231567,0.09785911128044128,2.158243211746216,0.7608642578125,11055.615234375
2,2,18.36620104370117,0.3688468783187866,0.4135377385997772,0.097518409512043,2.1485327397155762,0.76690673828125,11445.982421875
3,3,18.346827545166015,0.3672925402259827,0.41354361219406127,0.09789017695426941,2.14445416519165,0.7744140625,11632.4306640625
4,4,18.357959465942383,0.3664410626029968,0.41637294088363647,0.09771479884386063,2.143001396179199,0.78228759765625,11714.556640625
5,5,18.363115256347655,0.36779542682647703,0.41324355701446536,0.09762944173336029,2.139853130645752,0.7930908203125,11945.46875
