index,epoch,psnr,ssim,lpips,rec_loss,quant_error,utilization,perplexity
1,4,24.76651590983073,0.6788310173034668,0.13262954508463543,0.021211391686399777,0.5101201361020407,0.9896240234375,13233.4921875
2,8,25.1839960164388,0.6902000691731771,0.12721214338938394,0.019439618654052415,0.4720201513608297,0.9892578125,14030.3203125
3,12,25.2203379679362,0.6881328112284343,0.12154291806221008,0.019294702619314194,0.45649642877578733,0.9881591796875,14349.2255859375
4,16,25.387790580240885,0.6951423299153646,0.12081504654884338,0.018374125839273135,0.44806717096964516,0.9893798828125,14532.068359375
5,20,25.425812833658853,0.6944935305277506,0.12065496859550476,0.01826664723455906,0.44153279568354287,0.989501953125,14649.970703125
