index,epoch,psnr,ssim,lpips,rec_loss,quant_error,utilization,perplexity
1,4,24.639431518554687,0.6836738337198893,0.12936489270528156,0.020955459843079248,0.49324925053914387,0.9903564453125,14611.4892578125
2,8,25.171612613932293,0.6920319615681966,0.12444689362843832,0.019124639741579692,0.4660854025681814,0.99102783203125,14792.072265625
3,12,25.17179763997396,0.6885771521250407,0.12096263418197632,0.019386131212115288,0.451408748070399,0.9915771484375,14944.9287109375
4,16,25.35251111653646,0.6948608956654867,0.11951191382408143,0.01835879599948724,0.44380787248611453,0.99188232421875,14984.9189453125
5,20,25.43864130452474,0.6949900571187337,0.11963883404731751,0.018202175697684286,0.4382315686225891,0.9925537109375,14998.7431640625
