index,epoch,psnr,ssim,lpips,rec_loss,quant_error,utilization,perplexity
1,1,23.203215745849608,0.5614788897514343,0.16972497228622435,0.035696217164993285,0.005239527675807476,1.0,64618.796875
