index,epoch,psnr,ssim,lpips,rec_loss,quant_error,utilization,perplexity
1,1,22.82652896118164,0.5478714816474914,0.18139779427528382,0.038413606392741204,0.007634880975782871,0.928802490234375,15907.216796875
