index,epoch,psnr,ssim,lpips,rec_loss,quant_error,utilization,perplexity
1,1,22.814947825317383,0.5474558169174194,0.18057786899089814,0.038353123360872265,0.007628504060059786,0.99462890625,12457.1005859375
