index,epoch,psnr,ssim,lpips,rec_loss,quant_error,utilization,perplexity
1,1,22.81030880004883,0.5484662720870972,0.18224168740272523,0.03840070686042309,0.007700664349645376,0.8089447021484375,18930.142578125
