index,epoch,psnr,ssim,lpips,rec_loss,quant_error,utilization,perplexity
1,1,22.867467486572266,0.5494287905883789,0.17878117899417878,0.03796554113388061,0.007138011267632246,1.0,14239.9482421875
2,2,22.989066828613282,0.5522413200378418,0.176146732711792,0.037021161621809004,0.006816196080893278,1.0,15385.1650390625
