index,epoch,psnr,ssim,lpips,rec_loss,quant_error
1,1,21.532781630859375,0.5198872742462158,0.17828369857788087,0.05212717732667923,0.4569449744510651
2,2,21.57123264160156,0.5208726695251464,0.17454565898895263,0.0523906090092659,0.44207130210876466
