index,epoch,psnr,ssim,lpips,rec_loss,quant_error
1,1,21.328532263183593,0.5053639288330078,0.19267671501159667,0.054615237107276914,0.5514439743423462
2,2,21.35075646484375,0.5074986104583741,0.189382638092041,0.054454577541351315,0.5340196019935608
