index,epoch,psnr,ssim,lpips,rec_loss,quant_error
1,1,21.80544130859375,0.5328271633911132,0.16666717470169068,0.04915094619393349,0.3939197232246399
2,2,21.788157697753906,0.532118130645752,0.16343273546218873,0.04986248902797699,0.37971932030677796
