index,epoch,psnr,ssim,lpips,rec_loss,quant_error
1,1,18.908316884765625,0.4074005194091797,0.3316949589920044,0.0903241741013527,1.3470818692398072
2,2,19.150340756835938,0.418516827545166,0.31392553253173827,0.08436185505390167,1.2690978760528564
