index,epoch,psnr,ssim,lpips,rec_loss,quant_error
1,1,21.28213021484375,0.5076712185668946,0.19356484199523927,0.05558251046061516,0.5355153655815125
2,2,21.286090029296876,0.5086299753570557,0.1880393173789978,0.055351651034355166,0.5158106004142762
