index,epoch,psnr,ssim,lpips,rec_loss,quant_error
1,1,21.50158284667969,0.5195949317932129,0.18396506341934205,0.05302021468281746,0.46715085302352904
2,2,21.321751259765627,0.5112873867034912,0.1865347911834717,0.055184222322702405,0.4971346699333191
