index,epoch,psnr,ssim,lpips,rec_loss,quant_error
1,1,18.79781728027344,0.40766779712677004,0.32884128547668456,0.08831372261524201,1.3342807345962524
2,2,19.1472925,0.4189724346923828,0.3122807828903198,0.08413508911132812,1.2605271635055542
