index,epoch,psnr,ssim,lpips,rec_loss,quant_error
1,1,21.597073930664063,0.5177093703460693,0.18041215057373047,0.051838679112195966,0.47888926950454713
2,2,21.585976264648437,0.5183056813049316,0.17733178903579713,0.05206335213780403,0.46463645238876344
