index,epoch,psnr,ssim,lpips,rec_loss,quant_error
1,1,21.705438239746094,0.5227035945129395,0.17350613807678222,0.05055999854922295,0.43864028170585634
2,2,21.84494204345703,0.5307083518981933,0.16506688417434692,0.049365098031759265,0.39462058389663696
