index,epoch,psnr,ssim,lpips,rec_loss,quant_error
1,1,20.47243147705078,0.4516048104095459,0.27944244785308836,0.06626314108014107,1.109524374885559
2,2,20.622928295898436,0.4564950794219971,0.2641203845214844,0.06487809881329537,1.01595045879364
