index,epoch,psnr,ssim,lpips,rec_loss,quant_error
1,1,21.84114910644531,0.5296649766540528,0.1677822014427185,0.04926037079930305,0.4049850611305237
2,2,21.9093545703125,0.5339337028503418,0.16219622438430786,0.048805815564394,0.3776434597110748
