index,epoch,psnr,ssim,lpips,rec_loss,quant_error
1,1,20.506512607421875,0.45350932197570804,0.27469815353393556,0.066587615878582,1.023597461051941
2,2,20.64410532470703,0.4599702111053467,0.25774526569366457,0.06438309040307999,0.9367183504486084
