index,epoch,psnr,ssim,lpips,rec_loss,quant_error
1,1,21.930418188476562,0.5387236163330078,0.15808897928237914,0.048165525318384174,0.34979550729751585
2,2,22.041164736328124,0.5425076340484619,0.15425848604202272,0.04759587877869606,0.3294067619609833
