index,epoch,psnr,ssim,lpips,rec_loss,quant_error
1,1,21.78674834472656,0.5268728334808349,0.16928983533859254,0.048935895327329636,0.4142683013248444
2,2,21.81095812011719,0.5294193884277344,0.16603438335418702,0.04982689774274826,0.39930160682678223
