index,epoch,psnr,ssim,lpips,rec_loss,quant_error
1,1,22.013985935058592,0.5415787808990479,0.15628880128860473,0.04696527687549591,0.3392303748226166
2,2,22.0924707421875,0.5431503881072998,0.15350049537658692,0.04702040504932403,0.32627919563293456
