index,epoch,psnr,ssim,lpips,rec_loss,quant_error
1,1,18.90258645019531,0.4101643798828125,0.3214518795013428,0.08920900676488876,1.3020072732543946
2,2,19.212863212890625,0.4224848671722412,0.3058972135925293,0.08352622920274734,1.2298348623275757
