index,epoch,psnr,ssim,lpips,rec_loss,quant_error,utilization,perplexity
1,1,21.94973196044922,0.5200520496368408,0.21059365707397462,0.04798857467055321,0.5369510574531555,0.99468994140625,15120.2880859375
