index,epoch,psnr,ssim,lpips,rec_loss,quant_error
1,1,20.453666772460938,0.45052138298034666,0.2741919561767578,0.06588332908034325,1.0169498009872437
2,2,20.7582379296875,0.46333116760253906,0.2536143173980713,0.062437438765764235,0.9312838753890991
