index,epoch,psnr,ssim,lpips,rec_loss,quant_error
1,1,20.26188772216797,0.44036825561523435,0.2919512306213379,0.06997006547093391,1.1604013511276245
2,2,20.521726826171875,0.4539084770965576,0.26710504669189455,0.06550137915372849,1.0145558964920045
