index,epoch,psnr,ssim,lpips,rec_loss,quant_error
1,1,18.8813153125,0.4077022197723389,0.32611375190734865,0.08833741073846817,1.315620249824524
2,2,19.169874169921876,0.4209002507019043,0.3079439840316772,0.08412630383491516,1.2446116474151612
