index,epoch,psnr,ssim,lpips,rec_loss,quant_error
1,1,22.098277124023436,0.5460657029724121,0.1514489457511902,0.04609702655434608,0.3131078416156769
2,2,22.27986603515625,0.5518051746368409,0.1463534381866455,0.045520183844566346,0.28672385260581973
