index,epoch,psnr,ssim,lpips,rec_loss,quant_error
1,1,18.911020786132813,0.409427631149292,0.33008309432983396,0.08792996640205383,1.3388763361740113
2,2,19.138940688476563,0.41893989540100096,0.31297342308044435,0.08441577391147613,1.2686661181640626
