index,epoch,psnr,ssim,lpips,rec_loss,quant_error
1,1,21.11455520263672,0.5008370957946777,0.2050085231781006,0.060239369435310365,0.5615920926856994
2,2,20.820982709960937,0.4880371990966797,0.21225241466522216,0.061607044962644575,0.6407153641510009
