index,epoch,psnr,ssim,lpips,rec_loss,quant_error,utilization,perplexity
1,1,22.247311591796876,0.5445553455352783,0.17847120254516602,0.04449787573575974,0.3852815381526947,1.0,2764.254638671875
2,2,22.395832900390626,0.5504929581451417,0.17397665199279785,0.04295151711344719,0.3679026556777954,1.0,2851.27099609375
