index,epoch,psnr,ssim,lpips,rec_loss,quant_error
1,1,20.37308270263672,0.44901203659057615,0.2824040270614624,0.06582151859045028,1.1062388736724853
2,2,20.534680122070313,0.4531024602508545,0.2697921591949463,0.06512109477162362,1.034095263633728
