index,epoch,psnr,ssim,lpips,rec_loss,quant_error
1,1,21.708602768554687,0.5294556154632568,0.16724226684570312,0.051231308697462084,0.3990337741947174
2,2,21.753447231445314,0.5293304425811768,0.1662111541366577,0.05076460583925247,0.39118219727516174
