index,epoch,psnr,ssim,lpips,rec_loss,quant_error,utilization,perplexity
1,4,24.695879349190847,0.6728566902705602,0.13854376472745622,0.02257348789657865,0.5214871841975621,0.994140625,15136.50390625
2,8,24.936530929129464,0.681002660206386,0.1364851270198822,0.021630272497023855,0.504808987058912,0.99432373046875,15170.349609375
3,12,25.00499091971261,0.682153245816912,0.13330303869247437,0.021382941088931903,0.49069250311170304,0.99420166015625,15153.359375
4,16,25.063273392159598,0.6832010745457241,0.13309698761531286,0.020871682878051485,0.4835178909710475,0.995361328125,15164.1298828125
5,20,25.07426028878348,0.6831119572775705,0.1316003996712821,0.020898279354401996,0.47754501615251815,0.994873046875,15214.9755859375
