index,epoch,psnr,ssim,lpips,rec_loss,quant_error,utilization,perplexity
1,4,24.58891201346261,0.6713678514208112,0.14011803340911866,0.022744632648995945,0.5321631394795009,0.9912109375,14254.609375
2,8,24.81161216517857,0.6760466059003557,0.1358393119948251,0.021818498923097337,0.5053934674671718,0.9920654296875,14695.8125
3,12,24.9056673601423,0.6794491912841797,0.1339659533568791,0.021740463458640235,0.49270790070125037,0.9923095703125,14804.9716796875
4,16,25.017514392089844,0.6820830545697893,0.1340135474545615,0.021048633709124156,0.4856606354577201,0.992919921875,14923.2373046875
5,20,25.01935723876953,0.6828850208827427,0.13210694133213588,0.02113945684305259,0.4806619256564549,0.9930419921875,14998.0712890625
