index,epoch,psnr,ssim,lpips,rec_loss,quant_error,utilization,perplexity
1,1,22.50166795654297,0.5386453104400635,0.19680633930683136,0.04310457676768303,0.47805394624710085,1.0,56275.79296875
2,2,22.54948713317871,0.5405113773536682,0.19213819508552551,0.042177586674690244,0.4624421915626526,1.0,56608.6640625
