index,epoch,psnr,ssim,lpips,rec_loss,quant_error,utilization,perplexity
1,1,22.448229093017577,0.5382940202903748,0.207153499417305,0.04146612063646316,0.43425558391571045,0.781005859375,1439.0789794921875
2,2,22.62228579284668,0.5471577916526794,0.19186573253154754,0.040131986635923385,0.4013868642616272,0.9366455078125,1746.3394775390625
