index,epoch,psnr,ssim,lpips,rec_loss,quant_error,utilization,perplexity
1,1,19.403705776367186,0.4014796666526794,0.473355284576416,0.07931844327926636,1.3401593578338622,0.012451171875,37.085479736328125
2,2,19.597241672363282,0.4093796350288391,0.45133711799621584,0.07572923551082611,1.2591530332183838,0.0146484375,42.046348571777344
