index,epoch,psnr,ssim,lpips,rec_loss,quant_error,utilization,perplexity
1,1,21.916730666503906,0.5085444083404541,0.23516671368598938,0.04828967297077179,0.6181848723602295,0.997802734375,3789.113037109375
2,2,21.97899822631836,0.5134156349754333,0.22926566657066344,0.04734570392370224,0.6034934475708008,0.996826171875,3822.2197265625
