index,epoch,psnr,ssim,lpips,rec_loss,quant_error,utilization,perplexity
1,1,19.11325848876953,0.3939886180496216,0.5135862649917603,0.08114685627222061,1.4071152780151368,0.00225830078125,25.388137817382812
2,2,19.328283654174804,0.3985321448898315,0.48220220565795896,0.0788374383354187,1.3219061771392822,0.002685546875,30.87892723083496
