index,epoch,psnr,ssim,lpips,rec_loss,quant_error,utilization,perplexity
1,1,22.23108102294922,0.5282852381324769,0.20559825989723204,0.04448965746641159,0.50873090259552,1.0,53255.80859375
2,2,22.304750048828126,0.5329960888290405,0.2002208099746704,0.04416508799552917,0.49084879238128665,1.0,53741.30859375
