index,epoch,psnr,ssim,lpips,rec_loss,quant_error,utilization,perplexity
1,1,22.567437329711915,0.5443144362640381,0.18590970926761627,0.042222796306610105,0.44429862141609194,0.9881591796875,59339.34765625
2,2,22.634310944824218,0.5480462559890747,0.1827910036611557,0.04126672516465187,0.43198034234046934,0.9907989501953125,60211.984375
