index,epoch,psnr,ssim,lpips,rec_loss,quant_error,utilization,perplexity
1,1,22.182598989257812,0.5250414044570922,0.210780071849823,0.04536040478646755,0.538345284461975,0.357269287109375,16250.2060546875
2,2,22.2841296484375,0.5299671201324463,0.20484403485774993,0.04426297019004822,0.5197302639770508,0.429412841796875,18881.298828125
