index,epoch,psnr,ssim,lpips,rec_loss,quant_error,utilization,perplexity
1,1,19.077782998046874,0.39067637155532836,0.5262706659126282,0.0828764107465744,1.4554793325042725,0.001068115234375,23.37894058227539
2,2,19.225799280395506,0.3940138152694702,0.4902902644729614,0.08097158989429473,1.3576907667922973,0.001312255859375,27.97688102722168
