index,epoch,psnr,ssim,lpips,rec_loss,quant_error,utilization,perplexity
1,1,22.279913408203125,0.5304032563972473,0.20522179672241211,0.04437789700269699,0.5189787828826904,0.99627685546875,15313.61328125
2,2,22.37811671875,0.5321102586746216,0.20318683978080748,0.043533699631094935,0.5068372736549377,0.9962158203125,15354.619140625
