index,epoch,psnr,ssim,lpips,rec_loss,quant_error,utilization,perplexity
1,1,22.148438482666016,0.5191669868850708,0.21812380931854247,0.04642273347258568,0.5640467127990723,0.999755859375,7688.728515625
2,2,22.236674786376952,0.5233679230117798,0.2152309130191803,0.04503435368895531,0.550275644378662,0.999755859375,7727.10009765625
