index,epoch,psnr,ssim,lpips,rec_loss,quant_error,utilization,perplexity
1,1,22.000142650756835,0.5156416097831726,0.23011027503013612,0.046227286351919174,0.5601244751930237,0.0443115234375,295.7989807128906
2,2,22.204989928588866,0.5224224283599853,0.2171898711156845,0.04414236985683441,0.5181402346801758,0.060791015625,392.3806457519531
