index,epoch,psnr,ssim,lpips,rec_loss,quant_error,utilization,perplexity
1,1,22.745523822021486,0.5555027384757996,0.1766268082666397,0.03976412125527859,0.3789624994659424,0.99951171875,6508.490234375
2,2,22.96902078491211,0.5647888710021972,0.16638318853855133,0.037954371696710586,0.3399141880607605,0.9996337890625,5951.1201171875
