index,epoch,psnr,ssim,lpips,rec_loss,quant_error,utilization,perplexity
1,1,22.76116951171875,0.5555713194847107,0.1755905773305893,0.03911524894416332,0.37084535230636595,1.0,2434.890380859375
2,2,22.842322872314455,0.5578713976097107,0.17329023617267608,0.038620563586950304,0.36210809433937075,1.0,2390.597900390625
