index,epoch,psnr,ssim,lpips,rec_loss,quant_error,utilization,perplexity
1,1,22.23326615234375,0.5273734325027466,0.20674375593185426,0.044784244940280916,0.5205571245956421,0.992919921875,15062.875
2,2,22.31627376586914,0.5310366096878052,0.20291899862289428,0.04403017394185066,0.5084455950164795,0.99371337890625,15198.703125
