index,epoch,psnr,ssim,lpips,rec_loss,quant_error,utilization,perplexity
1,1,21.845129454956055,0.5061557453155517,0.2370418947982788,0.048813810267448424,0.6297207132339477,1.0,3745.608154296875
2,2,21.911000442504882,0.5090281839561462,0.2335032780456543,0.04743763361692429,0.6146634460258484,1.0,3749.83251953125
