index,epoch,psnr,ssim,lpips,rec_loss,quant_error,utilization,perplexity
1,1,20.057916135864257,0.44511038219451904,0.29728384395599367,0.07440433410525323,0.8944463241767884,0.957366943359375,21589.64453125
2,2,20.026590064697267,0.4353810262107849,0.40032985474586485,0.07039194650173188,1.3552136084365844,0.287994384765625,1832.61767578125
