index,epoch,psnr,ssim,lpips,rec_loss,quant_error,utilization,perplexity
1,1,20.974108955078126,0.48084744932174683,0.28416043552398684,0.05581446240663528,0.7683012892150879,0.0854949951171875,3471.62841796875
2,2,21.174150860595702,0.4882720930480957,0.26408506276607513,0.054566144981384276,0.708053692188263,0.1049041748046875,4576.68408203125
