index,epoch,psnr,ssim,lpips,rec_loss,quant_error,utilization,perplexity
1,1,22.95174512878418,0.5651086587142944,0.16834569448947906,0.03743868134915829,0.3426983438205719,1.0,4024.038330078125
2,2,23.008368177490233,0.5656169317626953,0.1655081971502304,0.03731556819796562,0.3344459421348572,1.0,3978.955078125
