index,epoch,psnr,ssim,lpips,rec_loss,quant_error,utilization,perplexity
1,1,22.182302716064452,0.5240004090309143,0.21214546986579896,0.04524346121430397,0.542914049282074,0.6207275390625,14708.9365234375
2,2,22.276870970458983,0.5296818968391418,0.20417559019565582,0.044262517969608305,0.5162965183258057,0.77508544921875,17919.212890625
