index,epoch,psnr,ssim,lpips,rec_loss,quant_error,utilization,perplexity
1,1,21.587619765014647,0.4604088554954529,0.36593636255264284,0.05031576391935348,0.9814574903869628,0.30755615234375,689.9072875976562
2,2,21.655048178100586,0.4651887886619568,0.33661691986083986,0.050456574536561966,0.8986173992156983,0.3494873046875,821.4585571289062
