index,epoch,psnr,ssim,lpips,rec_loss,quant_error,utilization,perplexity
1,1,23.056874158935546,0.5704661786460876,0.16182235777378082,0.03684349546194077,0.32281059143066404,1.0,4273.81396484375
2,2,23.122505402832033,0.5715146607780457,0.15901390493869783,0.03665624796152115,0.3135163655567169,1.0,4207.76708984375
