index,epoch,psnr,ssim,lpips,rec_loss,quant_error,utilization,perplexity
1,1,22.03228653930664,0.5262070685958863,0.21532142661094666,0.04846812393426895,0.5504412788963318,1.0,54150.72265625
2,2,22.179905545654297,0.519081374206543,0.2244792344045639,0.04451045475959778,0.5630152710151672,0.9999847412109375,48583.27734375
