index,epoch,psnr,ssim,lpips,rec_loss,quant_error,utilization,perplexity
1,1,22.035495131835937,0.5152027524948121,0.22566741564750672,0.04658475071310997,0.5860234815597534,1.0,6921.01416015625
2,2,22.062508574829103,0.5169126670455932,0.22107476177215576,0.04613078228831291,0.5721997433662415,1.0,6943.33935546875
