index,epoch,psnr,ssim,lpips,rec_loss,quant_error,utilization,perplexity
1,1,22.069769827880858,0.5252994943809509,0.2001833541202545,0.044286377078294754,0.4977449237346649,1.0,55852.390625
2,2,22.443284110717773,0.5358495221710206,0.2025688805770874,0.043196348863840106,0.49227605529785157,1.0,53213.875
