index,epoch,psnr,ssim,lpips,rec_loss,quant_error,utilization,perplexity
1,1,22.877588899536132,0.5614084254455567,0.16973788281440735,0.038305522931218146,0.35126817734718324,1.0,2321.123046875
2,2,22.96082496826172,0.5636048595237731,0.16723723879814148,0.03784997227907181,0.343082724571228,1.0,2318.450439453125
