index,epoch,psnr,ssim,lpips,rec_loss,quant_error,utilization,perplexity
1,1,21.808460388183594,0.4782496542739868,0.30387846712112426,0.04976334698200226,0.8232787935638428,1.0,1233.677001953125
2,2,21.950437825927736,0.48673483217239377,0.2862026665210724,0.04845554753780365,0.7731403752326965,1.0,1780.072509765625
