index,epoch,psnr,ssim,lpips,rec_loss,quant_error,utilization,perplexity
1,1,21.59670883911133,0.511844574546814,0.2262054761505127,0.05061265993833542,0.5708313470840454,1.0,51303.89453125
2,2,21.879180737304686,0.5246726863479614,0.21167675907135008,0.0473985193157196,0.5256459314346313,1.0,53276.9375
