index,epoch,psnr,ssim,lpips,rec_loss,quant_error,utilization,perplexity
1,1,18.99869495727539,0.38254687905311585,0.5110279803085327,0.08511930494308471,1.4464513259506226,0.004638671875,22.357620239257812
2,2,19.308035591430663,0.3987019766616821,0.4806534287452698,0.07927795323848724,1.3331746993255615,0.005615234375,28.689239501953125
