index,epoch,psnr,ssim,lpips,rec_loss,quant_error,utilization,perplexity
1,1,21.807778468017577,0.5112330889701844,0.23877580507278443,0.04787166954159737,0.6147923208999634,0.9458465576171875,27709.4921875
2,2,21.534576484375,0.4915057248687744,0.27530536731719973,0.05047690813779831,0.7121664218521118,0.7818603515625,10439.421875
