index,epoch,psnr,ssim,lpips,rec_loss,quant_error,utilization,perplexity
1,1,21.562827518920898,0.4637872053527832,0.33698188670158385,0.05208759710073471,0.8629370158195495,0.5640869140625,1474.3548583984375
2,2,21.754692089233398,0.47316305788040164,0.31878724630355837,0.049271493035554885,0.8002078968811035,0.670654296875,1809.70703125
