index,epoch,psnr,ssim,lpips,rec_loss,quant_error,utilization,perplexity
1,1,21.51279342163086,0.47020307651519777,0.316901584815979,0.05472120047807694,0.8775590711212158,0.1043243408203125,1589.642578125
2,2,21.758684981689452,0.4825494668197632,0.2935494285964966,0.0506411587035656,0.797334357662201,0.1103668212890625,2303.279541015625
