index,epoch,psnr,ssim,lpips,rec_loss,quant_error,utilization,perplexity
1,1,22.157166020507812,0.5214342589187622,0.21556646957874298,0.04524034971237183,0.5477966143035888,1.0,12613.46484375
2,2,22.210010365600585,0.5253188211250305,0.21005236750125886,0.04471687594413757,0.5335970865631103,0.99993896484375,12561.2587890625
