index,epoch,psnr,ssim,lpips,rec_loss,quant_error,utilization,perplexity
1,1,21.287202912597657,0.46317679557800295,0.31921164751052855,0.05509236778497696,0.8120767084503174,0.19384765625,2283.61669921875
2,2,21.606193740234374,0.4808159786605835,0.293069093542099,0.05075002351522446,0.7361108126068115,0.20697021484375,3064.811767578125
