index,epoch,psnr,ssim,lpips,rec_loss,quant_error,utilization,perplexity
1,1,22.130674201660156,0.5310668934059143,0.20513040475845337,0.0423264111161232,0.45247968675613404,0.86669921875,1197.566162109375
2,2,22.507461602172853,0.542574547367096,0.1958884865617752,0.04083356628835201,0.41628617248535155,0.92578125,1275.179931640625
