index,epoch,psnr,ssim,lpips,rec_loss,quant_error,utilization,perplexity
1,1,22.609177263793946,0.5484306234931946,0.18299732990264891,0.0408092441803217,0.3981959344768524,0.999755859375,3285.446044921875
2,2,22.847860661621095,0.5573524220848084,0.17205693561553956,0.03887358279466629,0.3615069861984253,1.0,2884.7763671875
