index,epoch,psnr,ssim,lpips,rec_loss,quant_error,utilization,perplexity
1,1,22.06023933532715,0.516679736366272,0.22831648171901703,0.04538967039227486,0.5507284626579285,0.0966796875,319.5888977050781
2,2,22.228696295166017,0.5240859157371521,0.21463254918098448,0.043899645913243295,0.5099175518417358,0.128662109375,402.2303771972656
