index,epoch,psnr,ssim,lpips,rec_loss,quant_error,utilization,perplexity
1,1,22.475225821533204,0.538882497959137,0.19497753798007966,0.04306131665110588,0.47746643872261046,0.99188232421875,30358.021484375
2,2,22.531845012207032,0.5405803649902344,0.1917197158765793,0.042243988193273546,0.4660691086959839,0.992584228515625,30525.06640625
