index,epoch,psnr,ssim,lpips,rec_loss,quant_error,utilization,perplexity
1,1,22.155863780517578,0.5214715957641601,0.21765796258926393,0.04486818024754524,0.5504426681900024,0.9987640380859375,44000.46875
2,2,22.329165260009766,0.5309000446319581,0.20446419891357423,0.04365163937568665,0.5044271406936646,0.99981689453125,53015.45703125
