index,epoch,psnr,ssim,lpips,rec_loss,quant_error,utilization,perplexity
1,1,21.97497011230469,0.5101923689270019,0.23320116744041444,0.04634212015390396,0.6124767174720764,1.0,3866.972900390625
2,2,22.06695915588379,0.5138017475509643,0.22938043898582458,0.0466229384291172,0.6003783700752259,1.0,3882.133544921875
