index,epoch,psnr,ssim,lpips,rec_loss,quant_error,utilization,perplexity
1,1,18.95397685974121,0.3794030111980438,0.5306942011642456,0.08710669511318207,1.4786327331924438,0.00048828125,19.785669326782227
2,2,19.20378084411621,0.39441133467674255,0.49365216908454895,0.08162380882024765,1.372805570602417,0.0006256103515625,25.953258514404297
