index,epoch,psnr,ssim,lpips,rec_loss,quant_error,utilization,perplexity
1,1,22.37551791870117,0.5350134541320801,0.19528349469184875,0.04356228642582893,0.47931748029708865,0.98822021484375,29888.447265625
2,2,22.490162186279296,0.5396996823120117,0.19200218015670775,0.04246393493115902,0.4671972083950043,0.989654541015625,30228.650390625
