index,epoch,psnr,ssim,lpips,rec_loss,quant_error,utilization,perplexity
1,1,21.821005408935548,0.5204131831359863,0.2229962806224823,0.04777522399067879,0.54759299659729,1.0,52056.234375
2,2,21.96221001525879,0.5257493619918823,0.20938940391540528,0.046690420414209365,0.5124888426589966,1.0,54982.1796875
