index,epoch,psnr,ssim,lpips,rec_loss,quant_error,utilization,perplexity
1,1,22.090615877075194,0.5197445174980163,0.2189687906217575,0.04623807926177979,0.5637357374572753,0.9964599609375,7593.71875
2,2,22.148348432617187,0.521373819770813,0.2157684916114807,0.04561758338212967,0.5522675119972229,0.99609375,7642.4609375
