index,epoch,psnr,ssim,lpips,rec_loss,quant_error,utilization,perplexity
1,4,20.806324315103026,0.5171571057549993,0.2036050736157593,0.05366005207890547,0.48692411761903853,0.9923095703125,13970.2236328125
2,8,20.887310163677483,0.5224312294650235,0.1995101690630455,0.053212455532422334,0.4718595475707326,0.99273681640625,14215.822265625
3,12,20.89335767387597,0.5215348611177215,0.19846276472273408,0.05201341891749529,0.4597584526048216,0.99273681640625,14271.70703125
4,16,20.954084071834853,0.5244082881416726,0.19598752398138342,0.05196774211910003,0.4561577248738384,0.9931640625,14404.4521484375
5,20,20.944912858670307,0.5234283152702225,0.1964476982030328,0.05174244623105328,0.4541624049492978,0.9932861328125,14378.8134765625
