index,epoch,psnr,ssim,lpips,rec_loss,quant_error,utilization,perplexity
1,4,20.885564748092875,0.5200496842730526,0.20116984832780474,0.051768390356207145,0.47949482631021517,0.99932861328125,14723.8974609375
2,8,20.901116836353108,0.5228087789326137,0.1971216337738633,0.05246970995414936,0.4666162726203461,0.998779296875,14889.7314453125
3,12,20.90904011636812,0.5217876746206164,0.19729063101344516,0.05325253661106316,0.4582179652134283,0.9989013671875,14797.01171875
4,16,21.01367359179056,0.5250884262522922,0.19576634477284452,0.05214330390545244,0.4548494912778167,0.9990234375,14876.701171875
5,20,20.994243153734196,0.5242339075610372,0.19576669154289986,0.05133328478766016,0.4524681568986265,0.99908447265625,14874.0625
