index,epoch,psnr,ssim,lpips,rec_loss
1,5,27.50289648611886,0.762569602911813,0.07421753929001944,0.01252121374138764
2,10,27.4062412336077,0.758241427721296,0.07380340171541487,0.012771334413758346
3,15,27.425117911202566,0.7582447788238525,0.07291736296926225,0.012900494017771312
4,20,27.270326693289622,0.7524100304739816,0.07389125128132956,0.013213549742102622
5,25,27.227495472935267,0.7496783175877162,0.07431772049495151,0.013296166168579034
6,30,27.42804974888393,0.754870792388916,0.07263052027566093,0.0127006867144789
