index,epoch,psnr,ssim,lpips,rec_loss
1,1,21.24973809448242,0.5086421172904968,0.21160131338596344,0.05455109428167343
2,2,21.361378154296876,0.5151428174591064,0.20906132223129273,0.05356426447153091
3,3,21.29153813720703,0.5116144407272338,0.2092881167459488,0.05646663190722465
4,4,21.34452301635742,0.5122486233520508,0.20911512352466582,0.055359181520938876
5,5,21.185788864746094,0.5074450928115845,0.209150345454216,0.05669807189583778
