index,epoch,psnr,ssim,lpips,rec_loss
1,1,24.461178817749023,0.6310914045524597,0.10899450610637665,0.029709292072057723
2,2,24.511355325927735,0.6310411353111267,0.10942078010082244,0.02921667154312134
3,3,24.385436737060548,0.6258150694084168,0.10920480546951294,0.02951696767270565
4,4,24.24006880859375,0.6206927686882019,0.11060514594554902,0.031341161519289014
5,5,24.29029848083496,0.6213343748092651,0.11038999797582626,0.030983478371500967
