index,epoch,psnr,ssim,lpips,rec_loss
1,4,22.68462463353279,0.6236573848143973,0.1240486083705043,0.03601166608552395
2,8,22.753432416288433,0.62493068846445,0.12468535521957698,0.035987368988273795
3,12,22.603116896100612,0.6219153075167694,0.12318345149842277,0.037275821970887336
4,16,22.50718031151916,0.615041258281717,0.12317052360431978,0.038198421161755085
5,20,22.50636331552682,0.617248999387503,0.12364268868615504,0.03783050715025188
