index,epoch,psnr,ssim,lpips,rec_loss
1,1,24.885406304931642,0.6605142449378967,0.10724970396280288,0.02609414163053036
2,2,24.7186171105957,0.6571492117881775,0.10669456597566605,0.027135390322804452
3,3,24.721061796875,0.653708908290863,0.10609966719150543,0.027335046177506445
4,4,24.653038079833983,0.6502341707992554,0.10634419229745865,0.027948369589447974
5,5,24.64434811279297,0.6511381005859375,0.10583711624383926,0.028052775316238402
