index,epoch,psnr,ssim,lpips,rec_loss
1,1,21.893571525268555,0.5274764315223693,0.1923106644630432,0.04875628222167492
2,2,21.730265181884764,0.5220307862281799,0.19342916600704194,0.04964246497809887
3,3,21.80040997680664,0.5212648920249939,0.19285257665157318,0.04959878260195255
