index,epoch,psnr,ssim,lpips,rec_loss
1,1,21.24973809448242,0.5086421172904968,0.21160131338596344,0.05455109428167343
2,2,21.361378154296876,0.5151428174591064,0.20906132223129273,0.05356426447153091
