index,epoch,psnr,ssim,lpips,rec_loss
1,1,24.360208447875976,0.6419205118179321,0.11412353207349778,0.028946207721233366
2,2,24.406832819824217,0.6445430700492859,0.11320896267652511,0.028648768244385718
3,3,24.400239322509766,0.6426264113044738,0.11289861854791641,0.028806837730407715
4,4,24.265689807128908,0.637765063343048,0.11336437179088593,0.029601740841269493
5,5,24.235155958251955,0.6362916373825073,0.11315791690826416,0.029779297914505006
