index,epoch,psnr,ssim,lpips,rec_loss
1,1,23.90286932739258,0.6200829508781434,0.1306158382320404,0.032390034589767455
2,2,23.85153754760742,0.6190307172393799,0.1305154219818115,0.0327883682858944
3,3,23.775246466064452,0.6152189793777466,0.12967896773815155,0.03303667215585709
4,4,23.8293062890625,0.616265387840271,0.129919586687088,0.032895731783509255
5,5,23.855406079711916,0.6161698869132995,0.12943894524097443,0.03325298014760018
