index,epoch,psnr,ssim,lpips,rec_loss
1,1,21.395334536743164,0.518174451637268,0.2092393246984482,0.05351474607110023
2,2,21.414644143066408,0.5173741553497314,0.20812532470703124,0.053189313272237776
