index,epoch,psnr,ssim,lpips,rec_loss
1,1,23.90286932739258,0.6200829508781434,0.1306158382320404,0.032390034589767455
