index,epoch,psnr,ssim,lpips,rec_loss
1,5,27.50289648611886,0.762569602911813,0.07421753929001944,0.01252121374138764
