index,epoch,psnr,ssim,lpips,rec_loss
1,1,24.209942610473632,0.6369457167625427,0.11919002599954605,0.029680699059963227
2,2,24.242897573852538,0.6362666286087036,0.11847256180763245,0.030131627984046935
3,3,24.098654417114258,0.6300512844085694,0.1188014114189148,0.03055155641078949
4,4,24.100783148193358,0.6321751149749756,0.11792573823928833,0.030936696303486826
5,5,24.121575645751953,0.6321622785186768,0.1176340274310112,0.030629149439930916
