index,epoch,psnr,ssim,lpips,rec_loss
1,1,21.328124032592772,0.5129853353118896,0.21061270785808564,0.05434219343185425
2,2,21.348819159545897,0.5132394389533996,0.20961202340126037,0.05332075775265693
3,3,21.12459835449219,0.506452309627533,0.21073338695049285,0.0564794511282444
4,4,21.213287208251952,0.5092983553886413,0.2095472311925888,0.05566165682554245
5,5,21.35668945739746,0.5127195661735535,0.20840681119918822,0.05414921143054962
