index,epoch,psnr,ssim,lpips,rec_loss
1,1,23.89049408569336,0.6150789862060547,0.13427754229068756,0.0321246462225914
2,2,23.76692435546875,0.6142322969818115,0.13350191554546356,0.033030944831967356
3,3,23.762362569580077,0.6112311343955994,0.13298658535003663,0.03329235083580017
4,4,23.36395131286621,0.5984209492492676,0.13640470843315125,0.03591407087922096
5,5,23.76741551513672,0.6095800530815124,0.13254873564720154,0.033495039669275285
