index,epoch,psnr,ssim,lpips,rec_loss
1,5,27.41729910888672,0.749784050877889,0.07453339935938517,0.011997077966233095
2,10,27.392151839192707,0.7476379689534505,0.07410454584757487,0.012124445062379042
3,15,27.567298868815104,0.750692041015625,0.0713891231695811,0.011816190137465795
4,20,27.620186157226563,0.7545668366750081,0.07123253501256308,0.011572078295052052
5,25,27.714208699544272,0.75718163134257,0.0710551462650299,0.011510183416803679
6,30,27.49786455485026,0.750081894048055,0.07123299329280854,0.011971285971005758
