index,epoch,psnr,ssim,lpips,rec_loss
1,5,27.447078381347655,0.7538469707489014,0.07631651821931203,0.011751394772529603
2,10,27.383786079915364,0.7519226718902587,0.07416944120724996,0.012118158262471358
3,15,27.509482088216146,0.755532582728068,0.0729385289033254,0.01182069443066915
4,20,27.420283911132813,0.7534237810770671,0.07210875628789266,0.012000756862262884
5,25,27.442776110839844,0.7520632855733236,0.07320396401087444,0.012020905093352
6,30,27.452610209147135,0.7524587543487549,0.07132307617664337,0.012089640168348948
