index,epoch,psnr,ssim,lpips,rec_loss
1,1,24.64705400756836,0.6505578589820862,0.11080763931751252,0.02719830799818039
2,2,24.59494659423828,0.6486346973419189,0.11090212376594544,0.028059211725592614
3,3,24.39071481323242,0.6427334738349915,0.11087564497947693,0.029126048274040223
4,4,24.639660294799803,0.649789541606903,0.11021090631008149,0.02792169359087944
5,5,24.534651778564452,0.6469313436126709,0.1104790992641449,0.028769441479444505
