index,epoch,psnr,ssim,lpips,rec_loss
1,1,24.41541146057129,0.64573141872406,0.11209390928268433,0.028493604868650435
2,2,24.42288764526367,0.6461666625595093,0.11228920075893402,0.028497145183682442
3,3,24.48936132019043,0.6475893586921692,0.11146294357299805,0.028387905493378638
4,4,24.44086794921875,0.6446283639907837,0.11134275369644166,0.02876175676047802
5,5,24.358969194335938,0.6412157034301758,0.11129334377765655,0.029150755046606063
