index,epoch,psnr,ssim,lpips,rec_loss
1,4,22.68504819775026,0.6254070990995648,0.12333350580042544,0.036205002396626405
2,8,22.494641754255078,0.6183047478624384,0.12465594841171507,0.038245885022881516
3,12,22.47045377573736,0.6182453288308343,0.1237009418434088,0.03777259172636259
4,16,22.584897694765292,0.6203858917947004,0.12260320941250487,0.037144114682992446
5,20,22.631904076750583,0.6228636260649425,0.1216418615261237,0.03726922805914295
