index,epoch,psnr,ssim,lpips,rec_loss
1,1,21.395334536743164,0.518174451637268,0.2092393246984482,0.05351474607110023
2,2,21.414644143066408,0.5173741553497314,0.20812532470703124,0.053189313272237776
3,3,21.420350056762697,0.5163001300811768,0.20816254533290862,0.053484371039867404
4,4,21.271742411499023,0.5129851285552979,0.2079849999809265,0.05428164229631424
5,5,21.223542758789062,0.510390661869049,0.2085804924058914,0.05632955758571625
