index,epoch,psnr,ssim,lpips,rec_loss
1,1,23.608238067626953,0.5860258685684204,0.14109751053333283,0.03572345722615719
2,2,23.601685489501953,0.5845256709098816,0.14194893684864043,0.0355099909055233
3,3,23.427048345947266,0.5764231929969788,0.1426526740884781,0.03672961052417755
4,4,23.433678455810547,0.5770774348831177,0.14262921854019164,0.03712391234755516
5,5,23.49183862487793,0.5775824439048767,0.14262772341251373,0.036841270184516904
