index,epoch,psnr,ssim,lpips,rec_loss
1,1,21.86843172607422,0.5276658346557617,0.19163951982975005,0.048707899846434595
2,2,21.76013437072754,0.5231697325897217,0.1924546960401535,0.04947342487335205
