index,epoch,psnr,ssim,lpips,rec_loss
1,1,24.360208447875976,0.6419205118179321,0.11412353207349778,0.028946207721233366
