index,epoch,psnr,ssim,lpips,rec_loss
1,1,21.328124032592772,0.5129853353118896,0.21061270785808564,0.05434219343185425
2,2,21.348819159545897,0.5132394389533996,0.20961202340126037,0.05332075775265693
