index,epoch,psnr,ssim,lpips,rec_loss
1,5,27.315646855817523,0.7590569981166294,0.07445488208021436,0.012908197388478688
2,10,27.368187745884487,0.757391460800171,0.07347141141891479,0.012992500559985638
3,15,27.35147478027344,0.7584593927110944,0.0730857749904905,0.012905355127794402
4,20,27.308119916643417,0.7562855975559779,0.07286400330747878,0.013040873861951487
5,25,27.429540499441963,0.7606245046343122,0.07159107131958008,0.012656926023534366
6,30,27.32850741315569,0.7565143245697021,0.07225743397985186,0.012925523896941116
