index,epoch,psnr,ssim,lpips,rec_loss
1,1,23.622605316162108,0.5915337493705749,0.1348491368818283,0.036049409577846525
2,2,23.81097613220215,0.5944100741577149,0.13468459403038024,0.03389101239144802
