index,epoch,psnr,ssim,lpips,rec_loss
1,1,24.330283958129883,0.6285348403167724,0.11056584296226502,0.03024466721713543
2,2,24.331329545898438,0.6262668898391723,0.11141895612955094,0.03070493893265724
3,3,24.35236280517578,0.6248203632926941,0.11103347824573517,0.0299964686191082
4,4,24.301435681762694,0.6231649277305603,0.11124247814416885,0.0309443395781517
5,5,24.268942575073243,0.6219923709106445,0.11125991634845733,0.03084024025261402
