index,epoch,psnr,ssim,lpips,rec_loss
1,1,24.489037131347658,0.6432954176712036,0.11624499025344849,0.028324724389910697
2,2,24.338743735961913,0.6383916724014282,0.11554867104530335,0.02957838198661804
3,3,24.363153903198242,0.6414608436203003,0.11506945700645446,0.029289588441848754
4,4,24.18850439331055,0.6341832918548584,0.11560202615737915,0.03019000972211361
5,5,24.309310820922853,0.6369631199645996,0.11485249289512635,0.03006438765466213
