index,epoch,psnr,ssim,lpips,rec_loss
1,1,21.848328223876955,0.5282203564834594,0.19186698872566224,0.049812200771570204
2,2,21.859900330810547,0.5278558578681946,0.19141502425193788,0.04845429468989372
3,3,21.804330900878906,0.5225190599632263,0.19186978765010834,0.04893606226444244
