index,epoch,psnr,ssim,lpips,rec_loss
1,1,24.635128701171876,0.652035052871704,0.11117179837226868,0.0275189154702425
2,2,24.590225590820314,0.6488418858337403,0.11112906993865967,0.028020398899912834
3,3,24.585534493408204,0.6466141202926635,0.11069254647731781,0.028516508182287216
4,4,24.57895846557617,0.6476133242797851,0.1097582875084877,0.02832385142624378
5,5,24.36665794189453,0.642609724407196,0.11067395488739014,0.02911313122689724
