index,epoch,psnr,ssim,lpips,rec_loss
1,1,24.456946345825195,0.6329441559028626,0.11018276194572449,0.029112909300923348
2,2,24.461010408325194,0.6307901943016052,0.11057696454286575,0.029583643866181373
3,3,24.54686337890625,0.6285138498687745,0.11028380101680756,0.02869498193860054
4,4,24.325012889404295,0.6226946618270874,0.11095618180751801,0.030672262169122697
5,5,24.3163462109375,0.6221586237335205,0.11097872470378876,0.030372699791789054
