index,epoch,psnr,ssim,lpips,rec_loss
1,1,23.92267479980469,0.6215784493637085,0.1317180648803711,0.03215047015786171
2,2,23.94637113647461,0.6217938423919678,0.13085542747974396,0.03207893529772758
3,3,23.598489462890626,0.6095007804870606,0.1321645374917984,0.03429644327223301
4,4,23.8394162890625,0.6155986433410644,0.13031002547740936,0.03262957590818405
5,5,23.77599659057617,0.6160842806434631,0.1301234759879112,0.033821593129634855
