index,epoch,psnr,ssim,lpips,rec_loss
1,5,27.198145558384486,0.7511796783447265,0.07864825327055795,0.013335358572644847
2,10,27.168727042061942,0.7513987566266741,0.07803428829056876,0.013479865871369838
3,15,27.073082603236607,0.7486332801273891,0.07810528279713222,0.013668441617701735
4,20,27.13767826799665,0.752664897101266,0.07618695077214922,0.013351052069451128
5,25,27.19254115687779,0.75339886403765,0.07562740252699171,0.013285482217584337
6,30,27.086565642438615,0.7471025830950055,0.07529756442478724,0.013687608791462013
