index,epoch,psnr,ssim,lpips,rec_loss
1,5,27.787237411063057,0.7593804069519043,0.0664231738294874,0.01186377728773015
2,10,27.865175183105467,0.7589280373164585,0.06554831994601658,0.011603926974747863
3,15,27.80528494001116,0.7582399803706578,0.06568712729385921,0.011823526848426887
4,20,27.814226491001673,0.756249091393607,0.06548070571081979,0.011874544734401362
5,25,27.84903262765067,0.7569457763671875,0.0650973251240594,0.011781292577513626
6,30,27.828801264299667,0.7542309144701277,0.06512991980143956,0.011835290014530932
