index,epoch,psnr,ssim,lpips,rec_loss
1,1,24.677340227661134,0.6408663038825989,0.10475034008979797,0.02833613883137703
2,2,24.61885071411133,0.6365651688957215,0.10505077880859374,0.028873879432082177
