index,epoch,psnr,ssim,lpips,rec_loss
1,1,24.635128701171876,0.652035052871704,0.11117179837226868,0.0275189154702425
