index,epoch,psnr,ssim,lpips,rec_loss
1,1,24.69296417175293,0.6399990161323548,0.10355018013477325,0.028343403664827346
2,2,24.639653704833986,0.6363767500305175,0.1046519364118576,0.028726478871107103
