index,epoch,psnr,ssim,lpips,rec_loss
1,5,28.119036600167412,0.7672501415252686,0.06232191972732544,0.011050127686773027
2,10,28.069987484305244,0.7636195426395961,0.0619053343125752,0.011192204470293862
3,15,28.022798781040738,0.7623018543788365,0.06206834872790745,0.011392647802829742
