index,epoch,psnr,ssim,lpips,rec_loss
1,1,24.718223927001954,0.6550982611083984,0.1071456642150879,0.027572817252874374
2,2,24.700655145874023,0.6544378365707397,0.10707432967185974,0.027475014070272447
3,3,24.733891430664062,0.6541428709030152,0.10589279153108597,0.027375623059868813
4,4,24.676096263427734,0.653798182258606,0.10573071918010711,0.027846655319333075
5,5,24.649033286132813,0.6534395706367493,0.10562290949821472,0.027874925718307495
