index,epoch,psnr,ssim,lpips,rec_loss
1,5,27.066462147739955,0.7483324034009661,0.07884727905477797,0.013611641624782766
2,10,27.1238623046875,0.7499188153403146,0.07813678932871138,0.013600276304568563
3,15,27.12311626674107,0.7538923727308001,0.07571324027265822,0.01353291788377932
4,20,27.13339065638951,0.7500085255759102,0.07677268769400461,0.01357327350229025
5,25,26.878136139787948,0.7390578427995954,0.07944378415516444,0.014023775293571608
6,30,27.254434423828126,0.7541902678353446,0.07491826640537808,0.013215715103702886
