index,epoch,psnr,ssim,lpips,rec_loss
1,1,24.3927476373291,0.6434038212966919,0.11581557406425476,0.028932692120075227
2,2,24.30358296203613,0.6402502201080322,0.11574708282709122,0.029927567270994188
3,3,24.239832490234374,0.6393563429832458,0.1148748813343048,0.030109708706140517
4,4,24.228343837890623,0.6365877738189697,0.11474268912315369,0.030228407171964646
5,5,24.355897623291014,0.6397960264205933,0.11440250078439712,0.029748524430990218
