index,epoch,psnr,ssim,lpips,rec_loss
1,1,24.64479087402344,0.639105390663147,0.10511928066253662,0.028452230830788613
2,2,24.62630616394043,0.6373529099655152,0.10570324634075165,0.02841474083185196
