index,epoch,psnr,ssim,lpips,rec_loss
1,1,24.64705400756836,0.6505578589820862,0.11080763931751252,0.02719830799818039
