index,epoch,psnr,ssim,lpips,rec_loss
1,5,27.77070328892299,0.7613293627602713,0.06727862269197192,0.011822189077096326
2,10,27.609091179547992,0.7505426629202706,0.06776615453788212,0.012338290375258241
