index,epoch,psnr,ssim,lpips,rec_loss,quant_error,utilization,perplexity
1,1,18.648709453125,0.37977704414367675,0.51412602394104,0.09148760908603668,4.27603810836792,0.00238037109375,35.43157196044922
2,2,18.874708771972657,0.3854089064788818,0.49593808448791504,0.08741058030366898,4.114355533752441,0.00238037109375,35.624916076660156
