index,epoch,psnr,ssim,lpips,rec_loss,quant_error,utilization,perplexity
1,1,20.002883012695314,0.4145409083557129,0.421902772064209,0.07139751158356666,3.387838634185791,0.1086578369140625,483.5818176269531
2,2,20.303017626953125,0.4277279055786133,0.39800375507354735,0.06819745691418648,3.2106772767639162,0.1220550537109375,558.6309814453125
