index,epoch,psnr,ssim,lpips,rec_loss,quant_error,utilization,perplexity
1,1,21.88565632080078,0.5250255290985107,0.20490537330627442,0.04800911366939545,1.3424154664993286,0.9841156005859375,59102.25390625
2,2,21.950871044921875,0.5273431215667724,0.20104604787826538,0.04713535626411438,1.3084708663177491,0.9855499267578125,59892.53125
