index,epoch,psnr,ssim,lpips,rec_loss,quant_error,utilization,perplexity
1,1,21.480025419921876,0.5054385788726806,0.22856641109466552,0.051612850164175036,1.607451452331543,1.0,15459.02734375
2,2,21.5629971484375,0.509164068069458,0.22400315139770507,0.050873446127176286,1.5574705081558227,1.0,15518.0517578125
