index,epoch,psnr,ssim,lpips,rec_loss,quant_error,utilization,perplexity
1,1,18.588145217285156,0.37778405654907227,0.5191138892364502,0.09042590684175492,4.317174751434326,0.001007080078125,30.068286895751953
2,2,18.813048002929687,0.38154409881591794,0.5045826831054687,0.08872523831367493,4.208008121948242,0.001007080078125,30.544923782348633
