index,epoch,psnr,ssim,lpips,rec_loss,quant_error,utilization,perplexity
1,1,21.613872470703125,0.5151465293121338,0.21539825023651124,0.05115966475248337,1.4829559887313843,1.0,30732.513671875
2,2,21.7268719921875,0.5180843213653564,0.21169289543151856,0.04923846428394318,1.4325907120513917,1.0,30991.04296875
