index,epoch,psnr,ssim,lpips,rec_loss,quant_error,utilization,perplexity
1,1,20.039537534179686,0.4177094966125488,0.4323761943054199,0.07041928999185562,3.4924132794189453,0.29937744140625,442.11578369140625
2,2,20.33849468261719,0.4259619107055664,0.4070618067932129,0.0671554958999157,3.2965618013000486,0.34649658203125,572.7545166015625
