index,epoch,psnr,ssim,lpips,rec_loss,quant_error,utilization,perplexity
1,1,21.161239296875,0.4876361067199707,0.2588922575378418,0.055408876020908354,1.8930186691284179,0.990478515625,3757.761962890625
2,2,21.226999609375,0.48932661376953124,0.25554293544769285,0.05461016651749611,1.8500524433517456,0.9912109375,3796.256591796875
