index,epoch,psnr,ssim,lpips,rec_loss,quant_error,utilization,perplexity
1,1,21.155075498046877,0.4853694273376465,0.2620375905609131,0.054858029294013975,1.9144021210479736,1.0,3878.987548828125
