index,epoch,psnr,ssim,lpips,rec_loss,quant_error,utilization,perplexity
1,1,21.51071735107422,0.5049974535369873,0.22781723930358888,0.05179740420818329,1.5904789981460572,0.98663330078125,14930.4990234375
2,2,21.60633528076172,0.5091979438018799,0.22489491855621338,0.05069841303825379,1.5500498826217652,0.98809814453125,15068.9814453125
