index,epoch,psnr,ssim,lpips,rec_loss,quant_error,utilization,perplexity
1,1,21.55853057128906,0.5071091197967529,0.23101076972961426,0.050747665313482286,1.592509916114807,0.77685546875,19738.671875
2,2,21.64000208251953,0.5103747135925293,0.2220260502243042,0.04999189728498459,1.5137685123825073,0.911865234375,23160.09765625
