index,epoch,psnr,ssim,lpips,rec_loss,quant_error,utilization,perplexity
1,1,21.1047353515625,0.48580461334228514,0.25771733585357665,0.0557488162112236,1.9037040081787109,1.0,3897.502197265625
2,2,21.206870783691407,0.48954568603515625,0.254186162147522,0.05457114958763123,1.8532136524963378,1.0,3902.605224609375
