index,epoch,psnr,ssim,lpips,rec_loss,quant_error,utilization,perplexity
1,1,21.31096147949219,0.49339152626037597,0.24802729110717772,0.05351517733812332,1.765610760536194,1.0,7523.98974609375
2,2,21.359064060058593,0.49567004928588865,0.24312893104553224,0.05303364600539207,1.7261000961303712,1.0,7509.81005859375
