index,epoch,psnr,ssim,lpips,rec_loss,quant_error,utilization,perplexity
1,1,18.424830791015626,0.3716255757141113,0.5448599099731445,0.09507067213535308,4.505340500030518,0.0003509521484375,20.675630569458008
2,2,18.63359251220703,0.3743276591873169,0.5289605756378174,0.0924982537150383,4.391997672271729,0.0003814697265625,20.962200164794922
