index,epoch,psnr,ssim,lpips,rec_loss,quant_error,utilization,perplexity
1,1,21.502007700195314,0.5027215824127197,0.2365780184173584,0.05168169664382934,1.642201335105896,1.0,13975.3544921875
2,2,21.518747407226563,0.5036891481018066,0.2314042149734497,0.05116214974045753,1.6044475610733033,1.0,13996.587890625
