index,epoch,psnr,ssim,lpips,rec_loss,quant_error,utilization,perplexity
1,1,20.28822640625,0.4221860478210449,0.42277917091369627,0.06799552621126174,3.289580958404541,0.20123291015625,408.1192932128906
2,2,20.417609697265625,0.4287678043365479,0.398903518409729,0.06619052245378494,3.123628201904297,0.223419189453125,428.5129089355469
