index,epoch,psnr,ssim,lpips,rec_loss,quant_error,utilization,perplexity
1,1,21.42713227783203,0.4993415982055664,0.2357222317504883,0.05211505017518997,1.646675217857361,0.2978057861328125,15541.4375
2,2,21.58957603515625,0.5074548991394043,0.2261954733657837,0.050545835117101666,1.5515245682144165,0.3936614990234375,19830.14453125
