index,epoch,psnr,ssim,lpips,rec_loss,quant_error,utilization,perplexity
1,1,21.294596787109374,0.49671988235473635,0.2408924473953247,0.05397239302754402,1.7474557233810424,1.0,7765.9296875
2,2,21.38293567138672,0.49936718437194827,0.23838935928344726,0.05274074707865715,1.696989649658203,1.0,7784.47412109375
