index,epoch,psnr,ssim,lpips,rec_loss,quant_error,utilization,perplexity
1,1,21.695091694335936,0.5141326674652099,0.21563050315856933,0.04979104493021965,1.4592212476348876,0.987701416015625,29772.490234375
2,2,21.778582946777345,0.5182800605010986,0.21234775440216064,0.048929924939870834,1.422559791984558,0.989105224609375,30161.26953125
