index,epoch,psnr,ssim,lpips,rec_loss,quant_error,utilization,perplexity
1,1,20.61597484375,0.43817290740966797,0.3869870032119751,0.0625449954688549,2.8781447338867188,0.66943359375,1745.534423828125
2,2,20.77461399658203,0.4437260654449463,0.36061908416748045,0.061384564697742464,2.6489064253234864,0.85205078125,2667.8408203125
