index,epoch,psnr,ssim,lpips,rec_loss,quant_error,utilization,perplexity
1,1,21.339776123046875,0.49426056579589844,0.24349066234588623,0.05310977004647255,1.7375267887496948,0.98681640625,7465.623046875
2,2,21.424917849121094,0.4994807962036133,0.23913182022094726,0.052486797782182695,1.6918433405303954,0.986572265625,7543.9853515625
