index,epoch,psnr,ssim,lpips,rec_loss,quant_error,utilization,perplexity
1,1,18.72250636230469,0.3806708959197998,0.502416332244873,0.08919628322362899,4.172158766479492,0.0045166015625,34.505165100097656
