index,epoch,psnr,ssim,lpips,rec_loss,quant_error,utilization,perplexity
1,1,22.21890253845215,0.579334082069397,0.185390718126297,0.043568573379516605,0.33057611357688904,0.013671875,766.0444946289062
2,2,22.39414065979004,0.5831673687744141,0.1808725006914139,0.04202121403932572,0.3204690235424042,0.01436614990234375,808.3958435058594
