index,epoch,psnr,ssim,lpips,rec_loss,quant_error,utilization,perplexity
1,4,23.19595337325067,0.6371606748525129,0.1510048158596022,0.032240492086135684,0.21177940748091995,0.998199462890625,14496.50439453125
2,8,23.24880694298129,0.6398619262450644,0.14571666145975967,0.03198616254910532,0.2076049403669331,0.997039794921875,14804.89453125
3,12,23.325216688851377,0.6435985807255192,0.1480338369577865,0.031154295749560725,0.20687220452540644,0.9962158203125,14847.716796875
4,16,23.313864904828577,0.6405097043888142,0.14229133732084082,0.03126046942437118,0.2042619251358149,0.996307373046875,14911.70703125
5,20,23.35336499808505,0.6420856512684502,0.1436247393689924,0.030990644154551536,0.203553336838256,0.996002197265625,14872.8583984375
