index,epoch,psnr,ssim,lpips,rec_loss,quant_error,utilization,perplexity
1,1,23.992204559326172,0.6422177116394043,0.13199923733949662,0.030601026306152343,0.21951969864845275,0.999481201171875,14544.662109375
2,2,24.0143346282959,0.6428745347213745,0.13070357189655304,0.030230633062124253,0.2127343985080719,0.998321533203125,14927.7900390625
