index,epoch,psnr,ssim,lpips,rec_loss,quant_error,utilization,perplexity
1,1,21.435715006103514,0.5083248739814759,0.2671922332239151,0.05141136343955994,0.4440282870674133,0.0036773681640625,80.88125610351562
2,2,22.020303586425783,0.5309270967864991,0.2415247731590271,0.045566852140426634,0.4217130927276611,0.00469970703125,111.6972885131836
