index,epoch,psnr,ssim,lpips,rec_loss,quant_error,utilization,perplexity
1,5,27.387494267926897,0.7673790116446358,0.07818219502993992,0.012736206374210971,0.15883063962118965,0.998382568359375,14945.00537109375
2,10,27.48701551339286,0.767732969720023,0.07720422523362296,0.012389766196055071,0.15658364778586797,0.99896240234375,15012.54150390625
3,15,27.534921205357143,0.7692919388907297,0.07722048212800707,0.012174538708797523,0.15562288826533727,0.99920654296875,15018.9912109375
4,20,27.567837581961495,0.7704775812966483,0.0769946195261819,0.012144440056383609,0.15485383249350956,0.999237060546875,15053.91162109375
5,25,27.62910522984096,0.7713937054770333,0.07618489048821586,0.011918290875426361,0.15393975236075266,0.999298095703125,15115.15576171875
6,30,27.63159394356864,0.7701992531367711,0.07526366756984165,0.01191671739603792,0.15335338158266884,0.999237060546875,15146.826171875
