index,epoch,psnr,ssim,lpips,rec_loss,quant_error,utilization,perplexity
1,5,27.018648474121093,0.7649061896732875,0.0798411864553179,0.01381062494707959,0.16223670068468365,0.999298095703125,14946.5
2,10,27.306854422433037,0.7686442152295794,0.07927164409160614,0.012606282026427133,0.1572614277635302,0.998382568359375,15279.60400390625
3,15,27.343656644112723,0.7692070341927665,0.07777235394205366,0.012813200718803066,0.15576954622949873,0.9976806640625,15380.7197265625
4,20,27.427256070382253,0.7679945891244071,0.07661958987031664,0.012464401388594082,0.1540950055871691,0.99749755859375,15489.796875
5,25,27.56170338657924,0.7717666641780309,0.07802439226422991,0.011930319008231162,0.15375003639629908,0.996978759765625,15547.64111328125
6,30,27.586226046316963,0.7711674739837646,0.07603101309708186,0.011933071974984237,0.1529523760829653,0.9967041015625,15536.87060546875
