index,epoch,psnr,ssim,lpips,rec_loss,quant_error,utilization,perplexity
1,1,24.987008179931642,0.6591816981506348,0.12625344937086105,0.02520900081038475,0.21844432476997375,0.998687744140625,29609.8798828125
2,2,25.04040404602051,0.6616343006134033,0.12361994256973266,0.024601222514510156,0.2165003217601776,0.9990234375,29728.88671875
