index,epoch,psnr,ssim,lpips,rec_loss,quant_error,utilization,perplexity
1,1,24.075600393066406,0.6137373409080505,0.1583639989042282,0.03055958575963974,0.3036924544620514,0.382110595703125,3680.4998779296875
2,2,24.3211878125,0.626948052558899,0.14893843779802324,0.028765426174998283,0.2859146398162842,0.4200439453125,4321.92138671875
