index,epoch,psnr,ssim,lpips,rec_loss,quant_error,utilization,perplexity
1,1,22.26756341796875,0.5815971287536621,0.1839950762271881,0.04303335286617279,0.3285040888404846,0.0288238525390625,810.9989318847656
2,2,22.427786682128907,0.5849701754379273,0.17993221205711366,0.04169833890557289,0.31812966698646544,0.0302276611328125,848.7033996582031
