index,epoch,psnr,ssim,lpips,rec_loss,quant_error,utilization,perplexity
1,1,25.149355180664063,0.6656326879882812,0.12413719845294953,0.024333632987737656,0.2034154394197464,0.995880126953125,60202.94921875
2,2,25.220440079956056,0.6685264951324463,0.12142585880756378,0.02384522656083107,0.20082957901000978,0.9957962036132812,61012.125
