index,epoch,psnr,ssim,lpips,rec_loss,quant_error,utilization,perplexity
1,1,23.460861767578123,0.623061055316925,0.14898220283031463,0.0342095005351305,0.26447622144699096,0.14406585693359375,6242.56982421875
2,2,23.611295091552734,0.6275854741096497,0.14289732370853425,0.03307389201998711,0.2501609939193726,0.15599822998046875,7117.9765625
