index,epoch,psnr,ssim,lpips,rec_loss,quant_error,utilization,perplexity
1,1,24.74636821960449,0.6523968312072754,0.1320239514875412,0.026100837089419366,0.2318981109523773,0.43976593017578125,18139.91015625
2,2,24.93809286376953,0.6591956715011597,0.1272213230705261,0.02505526011943817,0.2171626056575775,0.6550674438476562,27905.8486328125
