index,epoch,psnr,ssim,lpips,rec_loss,quant_error,utilization,perplexity
1,5,27.692958435058593,0.7728462801615397,0.07205448557535807,0.011225955929855506,0.1345627810239792,0.9940185546875,14823.98193359375
2,10,27.834375634765625,0.7721310743967692,0.07090044546127319,0.010736366881926855,0.13249138395786286,0.994537353515625,14926.65283203125
3,15,27.87508956705729,0.77317762743632,0.06987215139865875,0.01068227072606484,0.13113868514696758,0.994720458984375,14967.62060546875
4,20,27.928443668619792,0.77468412399292,0.06884517590204875,0.010481211863458156,0.13055769414901733,0.99542236328125,15013.04736328125
5,25,27.983025557454425,0.7748962043762208,0.0694796809275945,0.010391875112553437,0.12959214510122935,0.995849609375,15025.62841796875
6,30,28.023823746744792,0.7747738670349121,0.06917243817647298,0.010293744831283888,0.12908316089312236,0.996368408203125,15038.24365234375
