index,epoch,psnr,ssim,lpips,rec_loss,quant_error,utilization,perplexity
1,1,23.669171131591796,0.5725587177658081,0.17109628346443176,0.034977269306778906,0.4674301142501831,0.103485107421875,1629.8040161132812
2,2,24.193478795166016,0.5962261656188965,0.15135910180091858,0.031005221172571183,0.34784400802612303,0.1198883056640625,2361.9840087890625
