index,epoch,psnr,ssim,lpips,rec_loss,quant_error,utilization,perplexity
1,5,27.62741266217913,0.775088624736241,0.07466070887020657,0.01190764581071479,0.14727979835442134,0.998870849609375,29963.9794921875
2,10,27.69519691859654,0.7746539138793945,0.0722722129889897,0.01166897020978587,0.14512073549543109,0.9992218017578125,30116.154296875
3,15,27.791040281459264,0.776539038848877,0.073826116333689,0.01150041118924107,0.14423310163361686,0.9993896484375,30126.705078125
4,20,27.779957312011717,0.7774945980616979,0.07346049114636012,0.01145468660380159,0.14350341490677423,0.999420166015625,30198.23828125
5,25,27.829760063825336,0.7767213773999896,0.07215430589062827,0.011477433952902044,0.1424849431208202,0.999481201171875,30301.57421875
6,30,27.881795007324218,0.7768688339233398,0.07267349649156843,0.011279820950967925,0.14210741790703366,0.9994659423828125,30358.595703125
