index,epoch,psnr,ssim,lpips,rec_loss,quant_error,utilization,perplexity
1,1,23.855322991333008,0.6206608744239807,0.15304936543464662,0.030827721608281136,0.2921352687740326,35.2109375,6424.127197265625
2,2,24.34034173461914,0.6369038432884216,0.14156834254980089,0.028223090413212776,0.26644775069236754,56.6640625,11361.9638671875
