index,epoch,psnr,ssim,lpips,rec_loss,quant_error,utilization,perplexity
1,1,24.52549655395508,0.6269174849700928,0.121983292927742,0.027353246774077414,0.2025915305519104,0.99969482421875,15797.81640625
2,2,24.644231483154297,0.6273660263061523,0.12437178706645965,0.027888163138031958,0.2012209138393402,0.99969482421875,14681.85595703125
