index,epoch,psnr,ssim,lpips,rec_loss,quant_error,utilization,perplexity
1,1,24.203063275146484,0.6509675341415405,0.12758588008642197,0.029275172758102416,0.20408174668312073,0.99993896484375,28760.3681640625
2,2,24.235883837280273,0.6508914583969116,0.12590909096717834,0.028997074984908104,0.19787299196243285,0.999359130859375,29540.1513671875
