index,epoch,psnr,ssim,lpips,rec_loss,quant_error,utilization,perplexity
1,5,27.519848217773436,0.7598335899353027,0.06902216860453288,0.01161178899159034,0.1900790079832077,0.996429443359375,15455.00341796875
2,10,27.852303955078124,0.7616919041951498,0.06649249595006307,0.010623469808200996,0.17574635439713795,0.99822998046875,15579.1630859375
3,15,27.95838019205729,0.7640912200927734,0.06552611122926076,0.01051936121036609,0.1706191603422165,0.99957275390625,15660.74853515625
4,20,27.996174955240885,0.765035008875529,0.0645165157397588,0.010448571166396142,0.1671610177675883,1.0,15723.42626953125
5,25,27.921691198730468,0.7649626028696696,0.0639491639137268,0.010332161958515645,0.16555839952627818,1.0,15734.37255859375
6,30,28.114506941731772,0.7673616278330485,0.06373843811353047,0.0100274515564243,0.16333527400493622,0.999969482421875,15750.85693359375
