index,epoch,psnr,ssim,lpips,rec_loss,quant_error,utilization,perplexity
1,1,25.115024135131836,0.6686171691131592,0.12092241258859635,0.024228229060173034,0.20314047778129576,0.9985198974609375,59281.375
2,2,25.244612955932617,0.6684797276878357,0.12084199851989746,0.023799428429007532,0.20117972430229186,0.9989395141601562,59595.408203125
