index,epoch,psnr,ssim,lpips,rec_loss,quant_error,utilization,perplexity
1,5,27.084889351399738,0.7652360326131185,0.0794761668364207,0.012439323669175308,0.14413971242904663,0.999176025390625,14116.73779296875
2,10,27.504887516276042,0.7707547823588053,0.07501453382968902,0.011539590030908585,0.13641784931023915,0.997314453125,14808.08349609375
3,15,27.682392236328123,0.7743212721506755,0.07320413618087769,0.011187697273492813,0.13357558932304384,0.9962158203125,15040.40478515625
4,20,27.779856705729166,0.7738604132334391,0.07108286809126536,0.010822020061314106,0.1319184940179189,0.996307373046875,15266.6689453125
5,25,27.821032279459637,0.7728645829518636,0.06987088549137116,0.010624501525362333,0.1303758156935374,0.995361328125,15292.837890625
6,30,27.915115995279947,0.7758680610656739,0.06961344126065572,0.010552727923790613,0.12949012184143066,0.995330810546875,15336.87890625
