index,epoch,psnr,ssim,lpips,rec_loss,quant_error,utilization,perplexity
1,4,22.643474643620873,0.6015143127052766,0.1313356249655433,0.03625180746364951,0.19299387136689042,0.999542236328125,15418.2216796875
2,8,22.58615144967468,0.6022343390127358,0.1278484242063692,0.03604943135829239,0.18432518370140488,0.999664306640625,15536.31591796875
3,12,22.699283523364343,0.6045261523644404,0.12914823390647875,0.03585929984795999,0.18361353890497384,0.999725341796875,15558.29638671875
4,16,22.711238210094944,0.6061550010264648,0.12838294016928367,0.035629777484791667,0.1824919575926325,0.999755859375,15596.4755859375
5,20,22.654378589733874,0.604680191947634,0.12875446980338034,0.0350370120790015,0.18734692033233535,0.999786376953125,15562.31396484375
