index,epoch,psnr,ssim,lpips,rec_loss,quant_error,utilization,perplexity
1,1,24.714716264648438,0.6325593428230286,0.11786152844667434,0.02680972647845745,0.18523170169830322,0.9058380126953125,24692.447265625
2,2,24.866694476318358,0.6373093852233886,0.11517218146324158,0.026110244765877724,0.17084856698036194,0.9980010986328125,28005.2412109375
