index,epoch,psnr,ssim,lpips,rec_loss,quant_error,utilization,perplexity
1,5,27.48868132672991,0.7588565264565604,0.07319397076198032,0.01215500353872776,0.19626474030699048,0.99945068359375,15724.1376953125
2,10,27.621125905064176,0.7598581912994384,0.07063455864361354,0.011963457229094846,0.1858161588566644,0.999908447265625,15789.3095703125
3,15,27.77169554268973,0.7622889246804374,0.0704144971030099,0.011595584288026605,0.18250108994415828,0.999664306640625,15790.1181640625
4,20,27.895188718959265,0.7644147369929722,0.07076461755888802,0.0111971799744027,0.18155987357412065,0.999359130859375,15833.46923828125
5,25,27.76950118233817,0.7627369233267648,0.07033290842941829,0.011725032292519297,0.18058210658345902,0.9991455078125,15806.36865234375
6,30,27.824786008998327,0.7633714012690953,0.0688046273606164,0.011601118814093725,0.17662937216758728,0.9990234375,15821.08740234375
