index,epoch,psnr,ssim,lpips,rec_loss,quant_error,utilization,perplexity
1,1,23.954596918945313,0.6431512707901001,0.1325649583721161,0.030392232366204263,0.21376998418807983,0.9999847412109375,20077.677734375
2,2,24.001526907348634,0.6441499759101867,0.13164663729429246,0.03011734388589859,0.20827750510692597,0.999969482421875,19958.4091796875
