index,epoch,psnr,ssim,lpips,rec_loss,quant_error,utilization,perplexity
1,1,21.439992412109376,0.5090851486587524,0.27025767013549806,0.05147825058221817,0.44514531944274904,0.00179290771484375,78.41746520996094
2,2,22.038849862060548,0.5306782248306274,0.24307154160499572,0.04562216257333755,0.4225673210906982,0.0022735595703125,106.91635513305664
