index,epoch,psnr,ssim,lpips,rec_loss,quant_error,utilization,perplexity
1,5,27.317506883021764,0.7733655634743827,0.07868483961650304,0.012676991281977721,0.1508634925365448,0.999298095703125,29795.748046875
