index,epoch,psnr,ssim,lpips,rec_loss,quant_error,utilization,perplexity
1,4,23.25347000532229,0.6391457526981313,0.14336705791277526,0.031457988772130824,0.20990034127707988,0.99713134765625,14272.755859375
2,8,23.286780084367628,0.6400337302799152,0.14254204944918034,0.031652758689908606,0.20687827999519223,0.997467041015625,14386.603515625
3,12,23.24508206546106,0.6403725000694694,0.13886969671657598,0.031578454967923095,0.20584739735124832,0.997039794921875,14495.97314453125
4,16,23.355801751762513,0.6412969584987358,0.14317149914506525,0.031094645872911875,0.2052606184620003,0.997406005859375,14563.3193359375
5,20,23.341838232704646,0.6424592958670764,0.14062262950429005,0.03102668581021245,0.20439752759524962,0.99658203125,14622.04541015625
