index,epoch,psnr,ssim,lpips,rec_loss,quant_error,utilization,perplexity
1,5,27.528161933244977,0.7628840154375349,0.07047718275615147,0.012095555502814905,0.1774679188489914,0.961822509765625,28406.55078125
2,10,27.761044306291854,0.7651290807996477,0.06770952678748539,0.011457351517677307,0.1624176182951246,0.980133056640625,30287.19921875
3,15,27.887507639857702,0.7662786076681954,0.06653534398419517,0.01115177215827363,0.15748525672640118,0.9879913330078125,30929.330078125
4,20,27.9850728742327,0.768026896068028,0.0667349410874503,0.011064647094905376,0.15593022611481802,0.992431640625,31297.234375
5,25,27.994465794154575,0.7689032123565673,0.06592487657410757,0.011002190460477557,0.15349652229036603,0.9950103759765625,31520.3828125
6,30,28.075018840680805,0.7681091347830636,0.06691824801989964,0.010916645845132215,0.1534667062486921,0.9965362548828125,31590.6767578125
