index,epoch,psnr,ssim,lpips,rec_loss,quant_error,utilization,perplexity
1,1,21.3207402545166,0.5058891107559204,0.26649265942573547,0.05260142259120941,0.445586245508194,0.006317138671875,71.09708023071289
2,2,22.02599919555664,0.529627209815979,0.24357800602436067,0.04572800346851349,0.4227177150154114,0.008453369140625,99.91064453125
