index,epoch,psnr,ssim,lpips,rec_loss,quant_error,utilization,perplexity
1,1,24.777905424194337,0.6544489033889771,0.13073384585380554,0.02593840256512165,0.23506011158943177,0.99835205078125,14753.6083984375
2,2,24.886374858398437,0.6544922192573548,0.1302291232919693,0.02541685720205307,0.23396412194728852,0.9979248046875,14630.2958984375
