index,epoch,psnr,ssim,lpips,rec_loss,quant_error,utilization,perplexity
1,1,24.732897041625975,0.6508077038192749,0.13180891647815704,0.02615141772925854,0.23264727966308593,0.7841949462890625,16975.201171875
2,2,24.887732517700194,0.656878783454895,0.12900694025039672,0.02532009511888027,0.2228121674156189,0.999969482421875,21728.4111328125
