index,epoch,psnr,ssim,lpips,rec_loss,quant_error,utilization,perplexity
1,1,24.92651084350586,0.6402941030693055,0.10897033207654953,0.025873138532042504,0.14839816059112548,0.9888839721679688,61762.68359375
2,2,25.077747729492188,0.6446252574920655,0.10923669996261597,0.025414784498214722,0.14422803155899047,0.9965667724609375,63009.046875
