index,epoch,psnr,ssim,lpips,rec_loss,quant_error,utilization,perplexity
1,1,24.933229464111328,0.6612997644805908,0.12283055826187134,0.024703291693925856,0.2164019474554062,254.84375,51447.44140625
2,2,24.899787194824217,0.6592561082267762,0.127036676633358,0.025460558331608773,0.22324371068954468,253.177734375,42712.458984375
