index,epoch,psnr,ssim,lpips,rec_loss,quant_error,utilization,perplexity
1,1,24.18674907836914,0.6213787951278686,0.15735054652690889,0.029886107011437416,0.2981864670372009,0.12701416015625,4892.113525390625
2,2,24.42378637939453,0.6319111346054077,0.1468543632888794,0.028421322520375252,0.2796794724273682,0.135040283203125,6175.764404296875
