index,epoch,psnr,ssim,lpips,rec_loss,quant_error,utilization,perplexity
1,1,23.39579569946289,0.6202150607109069,0.15067777897834778,0.034482741315364836,0.26803484231948854,0.247161865234375,5267.24609375
2,2,23.536089742431642,0.6251312943458557,0.14419113083362578,0.0335613343000412,0.2537008546638489,0.272125244140625,5900.631591796875
