index,epoch,psnr,ssim,lpips,rec_loss,quant_error,utilization,perplexity
1,1,24.42223266845703,0.6576332755565644,0.12298449664235116,0.028186190789937973,0.1908856317293644,0.9997787475585938,58891.3203125
