index,epoch,psnr,ssim,lpips,rec_loss,quant_error,utilization,perplexity
1,1,24.3500395690918,0.6336599889945984,0.14493659440994264,0.02853883138656616,0.27265449131965636,0.995849609375,3652.0740966796875
2,2,24.40558888793945,0.6349216310882568,0.14105755969047545,0.027963589438199998,0.2728875832080841,0.9935302734375,3547.7674560546875
