index,epoch,psnr,ssim,lpips,rec_loss,quant_error,utilization,perplexity
1,1,24.61773963012695,0.6465188891410828,0.13693923639297487,0.02666988158762455,0.24366439387798308,0.999969482421875,11453.748046875
2,2,24.70557886352539,0.6481127145004273,0.13393676132440566,0.026324863789081575,0.2402984540271759,1.0,11370.39013671875
