index,epoch,psnr,ssim,lpips,rec_loss,quant_error,utilization,perplexity
1,1,25.104676608276367,0.6650169395828247,0.12412682908058166,0.02446266077041626,0.2107885704803467,256.0,56561.86328125
2,2,25.176931779785157,0.666003667755127,0.12336751127958298,0.024154343470335005,0.2073139944267273,256.0,56421.72265625
