index,epoch,psnr,ssim,lpips,rec_loss,quant_error,utilization,perplexity
1,1,24.93100476196289,0.6590354488754272,0.12884954194545745,0.025236206386089324,0.21787352376937866,0.9974517822265625,30382.9931640625
2,2,25.057983443603515,0.6628431661605835,0.12608297943592073,0.02457478039264679,0.21547905396938324,0.9974365234375,30597.8447265625
