index,epoch,psnr,ssim,lpips,rec_loss,quant_error,utilization,perplexity
1,1,24.676531358032225,0.6289011715888977,0.12430216222763062,0.02734663243472576,0.20823751153945924,1.0,14218.72412109375
2,2,24.71101310241699,0.6283220380592346,0.12054933389663697,0.02698242491066456,0.19723168077468872,1.0,14148.53466796875
