index,epoch,psnr,ssim,lpips,rec_loss,quant_error,utilization,perplexity
1,1,23.638870288085936,0.563251985168457,0.18037633414268495,0.035470577416419985,0.4974018638420105,0.189056396484375,1066.9076843261719
2,2,24.046095187988282,0.586765961227417,0.15364084790229798,0.032347227711081505,0.38479979959487914,0.232025146484375,2042.8419799804688
