index,epoch,psnr,ssim,lpips,rec_loss,quant_error,utilization,perplexity
1,4,22.73770213962556,0.6036294588399373,0.1307731911686296,0.03513920080368491,0.19293145324056107,1.0,15443.45654296875
2,8,22.77997521712611,0.606106049519987,0.12890578163225727,0.03496761851333329,0.18858980436959255,1.0,15521.77783203125
3,12,22.809782582858073,0.6070297029392443,0.12787075856120927,0.03548167526978594,0.18088777533338926,1.0,15530.890625
4,16,22.860924299401297,0.6099363424851516,0.1283077375432885,0.03393513996049124,0.18439860995632842,1.0,15578.517578125
5,20,22.9152443641535,0.610182588322765,0.12807028615103644,0.034192683886218746,0.1792984744856467,0.999969482421875,15562.1064453125
