index,epoch,psnr,ssim,lpips,rec_loss,quant_error,utilization,perplexity
1,1,24.711439904785156,0.6550226743316651,0.13345338023662567,0.02672813293814659,0.23354934390068055,0.9986572265625,15234.359375
2,2,24.840675548095703,0.6543415514373779,0.12971954961776733,0.025754751011133194,0.23089067264556884,0.9984130859375,15316.8779296875
