index,epoch,psnr,ssim,lpips,rec_loss,quant_error,utilization,perplexity
1,5,27.317506883021764,0.7733655634743827,0.07868483961650304,0.012676991281977721,0.1508634925365448,0.999298095703125,29795.748046875
2,10,27.46952803955078,0.7704479800633022,0.07292103608676366,0.012368647194760187,0.14614485719544548,0.9981689453125,30552.73046875
3,15,27.632757216099332,0.7751568477085659,0.07340415938581739,0.011822358610161713,0.14439200226238796,0.997467041015625,30760.8056640625
4,20,27.748505372837613,0.7770057245526995,0.07428289196831839,0.011526713035149233,0.14371213357448578,0.9973297119140625,30966.2109375
5,25,27.78396548200335,0.7758263448442732,0.07292050946099418,0.011420373661390372,0.14270571667807444,0.9972991943359375,31139.466796875
6,30,27.82717452392578,0.7767022296360561,0.07192606803008489,0.011360105336351053,0.14206103581701007,0.99700927734375,31075.0849609375
