index,epoch,psnr,ssim,lpips,rec_loss,quant_error,utilization,perplexity
1,1,24.11983369140625,0.6237376726150513,0.1589548776483536,0.029616095358133317,0.2960735159301758,0.994384765625,1823.133056640625
2,2,24.036454564208984,0.6238849028396607,0.15554542194366455,0.029792142234444617,0.3001203706264496,0.99072265625,1617.7485961914062
