index,epoch,psnr,ssim,lpips,rec_loss,quant_error,utilization,perplexity
1,1,25.005564171142577,0.6620434697914124,0.1265880392885208,0.02498165161669254,0.21813737123966218,255.978515625,53240.671875
2,2,25.094350583496094,0.6640582917404175,0.12416930313110351,0.024435396869182585,0.21268496992111205,256.0,54336.462890625
