index,epoch,psnr,ssim,lpips,rec_loss,quant_error,utilization,perplexity
1,1,24.62299552307129,0.65973775598526,0.13329954837322236,0.026286652641892432,0.2213832628250122,255.916015625,51129.037109375
2,2,24.775145915527343,0.6569705939102173,0.13179431408882142,0.026077902987003326,0.22766764003753662,255.109375,47835.65625
