index,epoch,psnr,ssim,lpips,rec_loss,quant_error,utilization,perplexity
1,5,27.36111056315104,0.7542630439758301,0.07131919004122417,0.0119052639991045,0.19926263982454936,0.98944091796875,14190.13720703125
2,10,27.686506278483073,0.7620256342569987,0.06734345928827921,0.011001529150207837,0.17997581671079,0.99853515625,15307.26318359375
3,15,27.85545526936849,0.7648195992787679,0.06663932231267293,0.010656944179534913,0.17291822822093963,0.99920654296875,15585.29736328125
4,20,27.93219962565104,0.7652273405710857,0.06597394442558288,0.010449334010481835,0.17046863951683044,0.999481201171875,15703.7763671875
5,25,28.00289881591797,0.7653978747049968,0.06569106103579203,0.010426933825512727,0.16529111281236014,0.999542236328125,15748.6015625
6,30,27.888074572753908,0.7641849564870199,0.06413031776746114,0.010557704672714075,0.1634094923734665,0.9996337890625,15770.83837890625
