index,epoch,psnr,ssim,lpips,rec_loss,quant_error,utilization,perplexity
1,1,24.602830263671876,0.6446507739639282,0.13519598067522048,0.026889302631020545,0.25302539805412294,0.9964599609375,7335.939697265625
2,2,24.674287482910156,0.6462547930145264,0.13548579708576203,0.02657896841287613,0.2523231634330749,0.99542236328125,7215.931640625
