index,epoch,psnr,ssim,lpips,rec_loss,quant_error,utilization,perplexity
1,1,24.702529725341797,0.6309766960144043,0.1202114681982994,0.02691830690383911,0.1941933779001236,0.39572906494140625,20779.08984375
2,2,24.865502954711914,0.6368239458084106,0.11616958064079284,0.02596870768904686,0.1771521210670471,0.5091934204101562,27297.001953125
