index,epoch,psnr,ssim,lpips,rec_loss,quant_error,utilization,perplexity
1,1,23.745489639282226,0.6083227188491821,0.16183099363327028,0.032032349286675456,0.31775194129943846,0.99609375,904.4051513671875
2,2,23.595631575927733,0.6014368502235412,0.1683027150630951,0.03286650517106056,0.3282944611167908,0.99365234375,768.1968383789062
