index,epoch,psnr,ssim,lpips,rec_loss,quant_error,utilization,perplexity
1,1,25.059525627441406,0.6446617111206054,0.10994477670431137,0.025367413132190705,0.14966880621910095,0.9981765747070312,63119.787109375
2,2,25.127765547485353,0.6449646642875672,0.10870787481307984,0.024970117829442025,0.1452771353006363,0.9999771118164062,63196.396484375
