index,epoch,psnr,ssim,lpips,rec_loss,quant_error,utilization,perplexity
1,1,24.177763842773437,0.6196321392822266,0.15309178135871887,0.029788736969828606,0.2959850749397278,0.214263916015625,4579.65771484375
2,2,24.426082403564454,0.6313701887702942,0.14571911766052245,0.028272241016626357,0.2785284795093536,0.227264404296875,5492.180908203125
