index,epoch,psnr,ssim,lpips,rec_loss,quant_error,utilization,perplexity
1,1,24.145894232177735,0.6499413334465027,0.12857012116909028,0.029254677184820176,0.2034967120552063,0.8651046752929688,34085.42578125
2,2,24.261708449707033,0.6535550859069824,0.12489088088989257,0.028653976346850397,0.19122234272003175,0.9817047119140625,43018.07421875
