index,epoch,psnr,ssim,lpips,rec_loss,quant_error,utilization,perplexity
1,1,23.279767686157225,0.6163598398208618,0.15112576236724853,0.035566637876033785,0.27138462186813356,0.422943115234375,4424.44873046875
2,2,23.477426833496093,0.6231551559448242,0.14654929951190948,0.03391903996527195,0.25749093503952025,0.47332763671875,4791.913818359375
