index,epoch,psnr,ssim,lpips,rec_loss,quant_error,utilization,perplexity
1,1,24.415169711914064,0.6577086698532104,0.12293936276197434,0.028057245117425918,0.18982031254768372,0.9999847412109375,57302.748046875
2,2,24.43988948120117,0.6572173227310181,0.12134884661197662,0.02787166885972023,0.18435835421562194,0.9998016357421875,58230.263671875
