index,epoch,psnr,ssim,lpips,rec_loss,quant_error,utilization,perplexity
1,1,21.629837128295897,0.5038442295837402,0.2581891600322723,0.04945394578576088,0.7833125143814087,0.0018768310546875,86.25360488891602
2,2,22.316245588989258,0.5296476427078247,0.21188674880027772,0.04347943754911423,0.6178504949188233,0.0028076171875,148.9850845336914
