index,epoch,psnr,ssim,lpips,rec_loss,quant_error,utilization,perplexity
1,1,23.723872159423827,0.6349654634094238,0.1391297770357132,0.03198318875491619,0.23233110213279723,0.999969482421875,10380.45849609375
2,2,23.73623021484375,0.6348876935958863,0.13765743515014647,0.031778786470890046,0.22591946622371673,1.0,10273.58154296875
