index,epoch,psnr,ssim,lpips,rec_loss,quant_error,utilization,perplexity
1,1,21.622285744628908,0.49880935474395754,0.2522417315101623,0.048679443638324736,0.7639602314376831,0.0037689208984375,82.09428405761719
2,2,22.266569885253908,0.5244073863601685,0.2118358423614502,0.04346930805206299,0.6087213385200501,0.005828857421875,151.3448944091797
