index,epoch,psnr,ssim,lpips,rec_loss,quant_error,utilization,perplexity
1,1,22.235375247802736,0.5804579070472717,0.18655800129890443,0.043379403252601624,0.3312494354248047,0.050445556640625,699.7614440917969
2,2,22.37660981994629,0.5833923034667968,0.18084074576377868,0.042096703691482544,0.320895305595398,0.052978515625,740.7667541503906
