index,epoch,psnr,ssim,lpips,rec_loss,quant_error,utilization,perplexity
1,1,24.242377867431642,0.6422143961334229,0.09779401281833648,0.030191073362827302,0.2667693104171753,1.0,6392.82666015625
