index,epoch,psnr,ssim,lpips,rec_loss,quant_error,utilization,perplexity
1,1,22.97923705810547,0.6086717955970764,0.13201521733283997,0.04056189126610756,0.2885665918970108,0.95379638671875,2573.501220703125
