index,epoch,psnr,ssim,lpips,rec_loss,quant_error,utilization,perplexity
1,1,24.441580912475587,0.655179428024292,0.09553308994293212,0.028796269213557244,0.23886028902053832,1.0,22832.888671875
