index,epoch,psnr,ssim,lpips,rec_loss,quant_error,utilization,perplexity
1,1,24.135606569213866,0.6357743978309631,0.09972454053163528,0.030745360340476036,0.2815470621204376,1.0,2964.356689453125
