index,epoch,psnr,ssim,lpips,rec_loss,quant_error,utilization,perplexity
1,1,23.957204692993162,0.6645995560646057,0.1153131431722641,0.030463699395656584,0.16973177189826966,1.0,970.4384155273438
