index,epoch,psnr,ssim,lpips,rec_loss,quant_error,utilization,perplexity
1,1,20.963194197998046,0.5421339624404907,0.22267705996513368,0.05481415066242218,0.3507005253696442,1.0,81.42617797851562
