index,epoch,psnr,ssim,lpips,rec_loss,quant_error,utilization,perplexity
1,1,25.06917260925293,0.6785425528907776,0.08448357153892518,0.024740860597491265,0.18983048529148103,1.0,509.9496765136719
