index,epoch,psnr,ssim,lpips,rec_loss,quant_error,utilization,perplexity
1,1,24.300590493774415,0.6437267563247681,0.09637369544267654,0.029742939977645873,0.26583685564994813,1.0,5963.69873046875
