index,epoch,psnr,ssim,lpips,rec_loss,quant_error,utilization,perplexity
1,1,24.01643843383789,0.6706817832183838,0.11628984938144683,0.03117678146481514,0.14112587666034698,1.0,5868.4921875
