index,epoch,psnr,ssim,rec_loss,lpips
1,0,23.314033098754884,0.6772922432899475,0.03976582215309143,0.13973789350032806
