index,epoch,psnr,ssim,lpips,rec_loss,quant_error,utilization,perplexity
1,1,24.00050132080078,0.6413033587646484,0.1037454654431343,0.03189691841900349,0.25721721213817594,0.99847412109375,9314.9306640625
