index,epoch,psnr,ssim,rec_loss,lpips,quant_error,utilization,perplexity
1,0,24.369290888671873,0.6394605034065246,0.029594354364275932,0.09590842440605163,0.2830942311000824,1.0,4020.930908203125
