index,epoch,psnr,ssim,lpips,rec_loss,quant_error,utilization,perplexity
1,1,23.872427540893554,0.6694583397674561,0.12248956926345825,0.03083256850004196,0.14336911155223847,1.0,6036.892578125
