index,epoch,psnr,ssim,lpips,rec_loss,quant_error,utilization,perplexity
1,1,24.402601910400392,0.6505603617095947,0.09511726224899292,0.02910670039832592,0.25165023944854736,1.0,11747.986328125
