index,epoch,psnr,ssim,lpips,rec_loss,quant_error,utilization,perplexity
1,1,20.991544230957032,0.5402769794464112,0.22336468242168425,0.05451046617507935,0.35177467909812926,1.0,81.11859130859375
