index,epoch,psnr,ssim,lpips,rec_loss,quant_error,utilization,perplexity
1,1,24.144070831298826,0.6704267040634155,0.11218035803079605,0.03014326826930046,0.1549928491973877,1.0,4122.02783203125
