index,epoch,psnr,ssim,lpips,rec_loss,quant_error,utilization,perplexity
1,1,24.029642307128906,0.6664434247016907,0.11413160650730134,0.03012650674819946,0.16796266228675844,1.0,1141.714111328125
