index,epoch,psnr,ssim,lpips,rec_loss,quant_error,utilization,perplexity
1,1,22.96047458557129,0.6114730914115906,0.13302251962661743,0.04092582327842712,0.27746209548950196,0.95257568359375,3605.157470703125
