index,epoch,psnr,ssim,lpips,rec_loss,quant_error,utilization,perplexity
1,1,23.982102521362304,0.6721643683242798,0.11819550282478332,0.03146614332556725,0.1308926939725876,1.0,10314.345703125
