index,epoch,psnr,ssim,lpips,rec_loss,quant_error,utilization,perplexity
1,1,24.39334024658203,0.6482359985733033,0.10766564002037049,0.027987425088584424,0.2526006725215912,1.0,466.088623046875
