index,epoch,psnr,ssim,lpips,rec_loss,quant_error,utilization,perplexity
1,1,24.129153724365235,0.638934709148407,0.10063800664901733,0.03075763324379921,0.26813664061069487,1.0,4583.89599609375
