index,epoch,psnr,ssim,lpips,rec_loss,quant_error,utilization,perplexity
1,1,24.383672146606447,0.6475965028572083,0.1078109884595871,0.028074544991254807,0.2534991931152344,1.0,467.9842529296875
