index,epoch,psnr,ssim,lpips,rec_loss,quant_error,utilization,perplexity
1,1,24.402340827026368,0.6529768777465821,0.096069992146492,0.0292159046125412,0.24067877473831176,1.0,24186.357421875
