index,epoch,psnr,ssim,lpips,rec_loss,quant_error,utilization,perplexity
1,1,23.364015178833007,0.6458420455932617,0.12282555794715881,0.03444931877732277,0.18837899024009705,1.0,203.92784118652344
