index,epoch,psnr,ssim,lpips,rec_loss,quant_error,utilization,perplexity
1,1,24.055696249389648,0.6418037372970581,0.10272704122781753,0.030923729208111764,0.2580020274209976,1.0,4297.32275390625
