index,epoch,psnr,ssim,lpips,rec_loss,quant_error,utilization,perplexity
1,1,24.302761994018553,0.6434700332832336,0.09620801815748214,0.029707499074339866,0.2663746039915085,1.0,5785.12890625
