index,epoch,psnr,ssim,lpips,rec_loss,quant_error,utilization,perplexity
1,1,23.01197201660156,0.6047228822898865,0.13028276599407196,0.039029426534175876,0.30408205171585084,0.966796875,1545.1112060546875
