index,epoch,psnr,ssim,lpips,rec_loss,quant_error,utilization,perplexity
1,1,24.352145988769532,0.648298650932312,0.09627270117998123,0.029525282350480558,0.25306032574653625,1.0,12572.1162109375
