index,epoch,psnr,ssim,lpips,rec_loss,quant_error,utilization,perplexity
1,1,24.11318132446289,0.6679287596130371,0.11164316207408904,0.029680140006542205,0.16848306390285492,1.0,1139.945068359375
