index,epoch,psnr,ssim,lpips,rec_loss,quant_error,utilization,perplexity
1,1,23.260913541870117,0.6155343677139282,0.12498289195537567,0.03524969306170941,0.2895304752588272,1.0,746.8623657226562
