index,epoch,psnr,ssim,lpips,rec_loss,quant_error,utilization,perplexity
1,1,22.998593831787108,0.6067550689697265,0.13103921096324922,0.03986451683998108,0.29702076816082,0.9598388671875,1958.7081298828125
