index,epoch,psnr,ssim,lpips,rec_loss,quant_error,utilization,perplexity
1,1,24.24738533569336,0.6504718399620056,0.09958486879348755,0.029875001665353774,0.2410761311531067,1.0,11835.5205078125
