index,epoch,psnr,ssim,lpips,rec_loss,quant_error,utilization,perplexity
1,1,24.295974090576173,0.6438029050254822,0.09643499945640564,0.029793896322846413,0.26583223529338834,1.0,5964.6826171875
