index,epoch,psnr,ssim,lpips,rec_loss,quant_error,utilization,perplexity
1,1,23.99632617919922,0.631495602684021,0.10342245967864991,0.031565433526039126,0.28370578456878665,1.0,2566.5576171875
