index,epoch,psnr,ssim,lpips,rec_loss,quant_error,utilization,perplexity
1,1,23.972106848754883,0.6682505540466308,0.11750600666761399,0.030460565481185913,0.15434335105895997,1.0,2059.645263671875
