index,epoch,psnr,ssim,lpips,rec_loss,quant_error,utilization,perplexity
1,1,24.081132689819334,0.669426833114624,0.11361065574884414,0.030699349604845046,0.1529222235941887,1.0,3336.388427734375
