index,epoch,psnr,ssim,lpips,rec_loss,quant_error,utilization,perplexity
1,1,24.124398707885742,0.6671118176841736,0.11080077601671219,0.030357150752544405,0.16632056886196137,1.0,1852.964111328125
