index,epoch,psnr,ssim,lpips,rec_loss,quant_error,utilization,perplexity
1,1,24.141476995849608,0.6360715861129761,0.09969942922592163,0.03069993987739086,0.2815545719909668,1.0,2972.0703125
