index,epoch,psnr,ssim,lpips,rec_loss,quant_error,utilization,perplexity
1,1,23.811769114990234,0.6275537628364563,0.10686101259946823,0.033155495853424075,0.2866909097671509,1.0,3047.83349609375
