index,epoch,psnr,ssim,lpips,rec_loss,quant_error,utilization,perplexity
1,1,23.322329130249024,0.6273230786895752,0.10882351837158204,0.03594143608868122,0.2724690062618256,0.9998779296875,5194.53662109375
