index,epoch,psnr,ssim,lpips,rec_loss,quant_error,utilization,perplexity
1,1,25.09042999633789,0.679231183128357,0.08447323595046997,0.024666576091647147,0.19047051108837126,1.0,506.7024230957031
