index,epoch,psnr,ssim,lpips,rec_loss,quant_error,utilization,perplexity
1,1,23.910809134521486,0.6672513692855835,0.11928102582931518,0.03082550388753414,0.1545737961769104,1.0,2252.176025390625
