index,epoch,psnr,ssim,lpips,rec_loss,quant_error,utilization,perplexity
1,1,24.03709817138672,0.6662777643394471,0.11406468890666961,0.030062937396764754,0.16827985684871674,1.0,1125.5941162109375
