index,epoch,psnr,ssim,lpips,rec_loss,quant_error,utilization,perplexity
1,1,23.30224149963379,0.617036900024414,0.1232149903011322,0.035027010439634326,0.28817528539180753,1.0,796.8131103515625
