index,epoch,psnr,ssim,lpips,rec_loss,quant_error,utilization,perplexity
1,1,23.961164295654296,0.6644520237159729,0.11558146611213684,0.030508765727281572,0.1696431178331375,1.0,998.724365234375
