index,epoch,psnr,ssim,lpips,rec_loss,quant_error,utilization,perplexity
1,1,24.100896978759767,0.6342359161758423,0.1006625699710846,0.03101826591908932,0.28208681486606596,1.0,3199.217529296875
