index,epoch,psnr,ssim,lpips,rec_loss,quant_error,utilization,perplexity
1,1,24.217465686035155,0.6690119872283935,0.10891913946151734,0.029618679894208907,0.16799992879867554,1.0,2386.45458984375
