index,epoch,psnr,ssim,lpips,rec_loss,quant_error,utilization,perplexity
1,1,24.12266344604492,0.6353625541496277,0.09974049356222153,0.030792624334096907,0.2821143918132782,1.0,2912.069580078125
