index,epoch,psnr,ssim,lpips,rec_loss,quant_error,utilization,perplexity
1,1,24.399084707641602,0.6502979737663269,0.09509258711338044,0.029122799429297446,0.2516769282388687,1.0,11744.9619140625
