index,epoch,psnr,ssim,lpips,rec_loss,quant_error,utilization,perplexity
1,1,24.725558059082033,0.6328483519554138,0.11777719057559967,0.02685297529399395,0.18373930180549622,0.9051361083984375,24666.974609375
