index,epoch,psnr,ssim,lpips,rec_loss,quant_error,utilization,perplexity
1,1,24.63453080810547,0.6277627596282959,0.11881832144260407,0.02729518923282623,0.1919329358482361,0.39470672607421875,20676.8935546875
2,2,24.837394498291015,0.6360005675125122,0.11486756030321121,0.026391039872169494,0.1719035295677185,0.5078277587890625,27161.4619140625
