index,epoch,psnr,ssim,lpips,rec_loss,quant_error,utilization,perplexity
1,1,21.329435093994142,0.4848584854125977,0.2725526228904724,0.05306407998085022,0.8441874004173279,0.00640869140625,64.03208351135254
2,2,21.795502276611327,0.5047940482330322,0.24368477312088013,0.04826320291996002,0.7398410813331604,0.00787353515625,88.56253433227539
