index,epoch,psnr,ssim,lpips,rec_loss,quant_error,utilization,perplexity
1,1,25.035464545288086,0.6434733498764038,0.109779054646492,0.025204997730851175,0.1496259011554718,0.9985733032226562,63123.111328125
2,2,25.124879427490235,0.6440581529045105,0.10793561212539673,0.025196178884506225,0.14161222249031066,0.99993896484375,63249.474609375
