index,epoch,psnr,ssim,lpips,rec_loss,quant_error,utilization,perplexity
1,1,23.314781298217774,0.5519243444824219,0.19144350947856903,0.037293769073486326,0.5374617555236817,0.182586669921875,1015.9695739746094
2,2,23.741426494140626,0.5718747502326965,0.16948774661064148,0.03304505111157894,0.4146519395446777,0.225006103515625,1501.326904296875
