index,epoch,psnr,ssim,lpips,rec_loss,quant_error,utilization,perplexity
1,1,24.429166925659178,0.615104852809906,0.13169110240221024,0.028066603575348854,0.24185077474594116,0.988555908203125,11383.986328125
2,2,23.64363060913086,0.576381096496582,0.17593727162837983,0.033545479177236555,0.4333110702133179,0.58831787109375,5170.597427368164
