index,epoch,psnr,ssim,lpips,rec_loss,quant_error,utilization,perplexity
1,1,21.48025687866211,0.49301372579574587,0.2652071250295639,0.05068487484455109,0.8031855298995971,0.0034637451171875,75.24878692626953
2,2,21.88140398803711,0.5105116285705567,0.23915425703525542,0.04689868414521217,0.7129519091796875,0.0041046142578125,98.38136291503906
