index,epoch,psnr,ssim,lpips,rec_loss,quant_error,utilization,perplexity
1,1,24.746473044433593,0.632593034286499,0.11601105264663697,0.026852067658901215,0.18073235577583313,0.98431396484375,29769.51953125
