index,epoch,psnr,ssim,lpips,rec_loss,quant_error,utilization,perplexity
1,1,23.53779624633789,0.5679428347396851,0.17498347621440888,0.033899142924547196,0.44230458505630493,0.0546722412109375,1570.0342407226562
2,2,23.862661755371093,0.5802161897659301,0.1619142242336273,0.03204068649768829,0.37914333360672,0.0621490478515625,1973.9229125976562
