index,epoch,psnr,ssim,lpips,rec_loss,quant_error,utilization,perplexity
1,1,24.58454554199219,0.62635923122406,0.12208985668897629,0.02781075485289097,0.20380698195457458,1.0,14207.45166015625
2,2,24.697616736450197,0.6282908900070191,0.12010884221792222,0.027259272606372835,0.19514328055858612,1.0,14118.57861328125
