index,epoch,psnr,ssim,lpips,rec_loss,quant_error,utilization,perplexity
1,1,25.009268095092775,0.642528288192749,0.11000325171470642,0.02528196248292923,0.1516545478963852,0.97064208984375,60473.623046875
2,2,25.042018812255858,0.642407780380249,0.10947762313365936,0.025638507891893387,0.1482611397218704,0.993682861328125,58215.240234375
