index,epoch,psnr,ssim,lpips,rec_loss,quant_error,utilization,perplexity
1,1,21.46872912963867,0.49277623432159423,0.2691427374649048,0.051209297349452974,0.8309315084075928,0.001678466796875,71.9481430053711
2,2,21.855694395751954,0.5061087633132935,0.24037446553230285,0.047324497936964034,0.7256337535285949,0.002197265625,97.94375228881836
