index,epoch,psnr,ssim,lpips,rec_loss,quant_error,utilization,perplexity
1,1,22.81030880004883,0.5484662720870972,0.18224168740272523,0.03840070686042309,0.007700664349645376,0.8089447021484375,18930.142578125
2,2,22.940113630371094,0.5500592214775085,0.1782630427455902,0.037333177892565725,0.007148699909746647,0.7841033935546875,21843.96875
