index,epoch,psnr,ssim,lpips,rec_loss,quant_error,utilization,perplexity
1,1,20.40773427001953,0.4322703164482117,0.3973534318637848,0.06390111191987992,1.2281676962280272,0.0035400390625,40.77645492553711
2,2,20.694170290527342,0.44644292793273926,0.3662955431175232,0.06041458405017853,1.151416132583618,0.00408935546875,50.10688018798828
