index,epoch,psnr,ssim,lpips,rec_loss,quant_error,utilization,perplexity
1,1,22.328944365234374,0.4890421689224243,0.28982929096221927,0.04544907248735428,0.8873073508834839,0.18438720703125,1203.2735595703125
2,2,22.541985947265626,0.5009918427276612,0.2662219858980179,0.042987659908533093,0.7979293388748169,0.20013427734375,2072.81005859375
