index,epoch,psnr,ssim,lpips,rec_loss,quant_error,utilization,perplexity
1,1,23.03188962402344,0.5511507513046264,0.1881478179502487,0.037849634788632396,0.5141330551528931,0.9849853515625,14972.705078125
2,2,23.145357751464843,0.555779652633667,0.1853726344394684,0.03679830257773399,0.5028414781188965,0.9891357421875,15038.6904296875
