index,epoch,psnr,ssim,lpips,rec_loss,quant_error,utilization,perplexity
1,1,20.30989214477539,0.4307707239151001,0.4112808890247345,0.0642704689192772,1.2529260775756836,0.00311279296875,59.78902816772461
2,2,20.57940298828125,0.442207490196228,0.3706162128162384,0.06149408755302429,1.1520395316314698,0.003936767578125,78.75791931152344
