index,epoch,psnr,ssim,lpips,rec_loss,quant_error,utilization,perplexity
1,1,22.16802088684082,0.4923442476654053,0.2668223112487793,0.04568784595489502,0.8103510431671143,0.0993499755859375,1953.681396484375
2,2,22.497396964111328,0.5133342237472535,0.2425266264629364,0.04298241131186485,0.7339991166687012,0.1056060791015625,2799.685791015625
