index,epoch,psnr,ssim,lpips,rec_loss,quant_error,utilization,perplexity
1,1,23.015041865234377,0.552386902809143,0.18958259803771974,0.03770357345402241,0.5165768922233581,0.98712158203125,14900.0439453125
2,2,23.094201883544923,0.5541766769790649,0.18764874150276184,0.03731612503647804,0.5065625902175903,0.9874267578125,14904.1796875
