index,epoch,psnr,ssim,lpips,rec_loss,quant_error,utilization,perplexity
1,1,22.187026829833986,0.493959314250946,0.27528973679065705,0.04558954494476319,0.8505017588806152,0.29522705078125,1432.98388671875
2,2,22.44388499206543,0.5076189608001709,0.2506354557085037,0.04351531916737556,0.7654168538665771,0.31903076171875,2017.36328125
