index,epoch,psnr,ssim,lpips,rec_loss,quant_error,utilization,perplexity
1,1,23.19122932922363,0.5593811307144165,0.1799927178812027,0.03649567864716053,0.47429111667633056,0.98052978515625,29789.361328125
2,2,23.296204255371094,0.5631330211257934,0.1769043038225174,0.03579102746665478,0.46106642612457277,0.98651123046875,29977.595703125
