index,epoch,psnr,ssim,lpips,rec_loss,quant_error,utilization,perplexity
1,1,22.96850917236328,0.5513713904190064,0.18938818023681642,0.03826631944000721,0.5201343457221985,0.8131103515625,17756.853515625
2,2,23.036297744140626,0.5528177375793457,0.18607084918498992,0.03756349277853966,0.5094992227935791,0.799072265625,17213.173828125
