index,epoch,psnr,ssim,lpips,rec_loss,quant_error,utilization,perplexity
1,1,22.942297709350587,0.5509822877883911,0.18946926372528075,0.03829366117537022,0.5200830702209472,0.805450439453125,17610.7734375
2,2,22.984914938964845,0.5518475509262085,0.18729386278152466,0.037966106075048446,0.5119725868225098,0.7667236328125,16308.9375
