index,epoch,psnr,ssim,lpips,rec_loss,quant_error,utilization,perplexity
1,1,22.93367983093262,0.550825783996582,0.17734704523563385,0.037519230209589007,0.006868074661642313,1.0,16199.16015625
2,2,23.004055614013673,0.5528205422592163,0.17626457102775575,0.037018322427868844,0.006816894641816616,1.0,16249.6474609375
