index,epoch,psnr,ssim,lpips,rec_loss,quant_error,utilization,perplexity
1,1,23.073533087158204,0.5558581972312927,0.1735585460472107,0.036510221269130706,0.006026826415210963,0.999725341796875,32120.744140625
2,2,23.152218317260743,0.5567293721008301,0.17201934057235718,0.03593000682234764,0.005874472658634186,0.999969482421875,32258.1796875
