index,epoch,psnr,ssim,lpips,rec_loss,quant_error,utilization,perplexity
1,1,22.96138269104004,0.5520777121734619,0.17555706446647645,0.037455985191464425,0.006597485277205706,0.4260406494140625,22298.86328125
2,2,23.1278587689209,0.55558050157547,0.17245387941837312,0.036000511547327044,0.00598534393876791,0.5377349853515625,31051.958984375
