index,epoch,psnr,ssim,lpips,rec_loss,quant_error,utilization,perplexity
1,1,22.885468944091798,0.5458628205490113,0.19501636785030366,0.03910382370591164,0.539160965538025,1.0,12286.5888671875
2,2,22.954514632568358,0.5494461550331116,0.19222609236240387,0.03816108497798443,0.5292345304107666,0.99041748046875,11602.6162109375
