index,epoch,psnr,ssim,lpips,rec_loss,quant_error,utilization,perplexity
1,1,22.82652896118164,0.5478714816474914,0.18139779427528382,0.038413606392741204,0.007634880975782871,0.928802490234375,15907.216796875
2,2,22.942018071289063,0.5513415653991699,0.17785464961051942,0.03731121400713921,0.0071704517348110675,0.919586181640625,17986.05078125
