index,epoch,psnr,ssim,lpips,rec_loss,quant_error,utilization,perplexity
1,1,23.32384825073242,0.5683781539154052,0.17298852727890016,0.035431721372008326,0.44186324296951296,0.975830078125,58335.53125
2,2,23.40576516479492,0.5710627204322815,0.17026207433223725,0.03500226468205452,0.4275273561096191,0.9810638427734375,59418.3984375
