index,epoch,psnr,ssim,lpips,rec_loss,quant_error,utilization,perplexity
1,1,23.203215745849608,0.5614788897514343,0.16972497228622435,0.035696217164993285,0.005239527675807476,1.0,64618.796875
2,2,23.278702916870117,0.560516150970459,0.1676925212097168,0.03496941868185997,0.005085673834383487,1.0,64655.3515625
