index,epoch,psnr,ssim,lpips,rec_loss,quant_error,utilization,perplexity
1,1,23.317915029296874,0.5670936427688599,0.17176119389533998,0.035834617708921435,0.43816048704147337,0.98419189453125,58923.62109375
2,2,23.402335627441406,0.5706418501281738,0.1683869996547699,0.0352689366710186,0.42469157241821287,0.988189697265625,59739.1953125
