index,epoch,psnr,ssim,lpips,rec_loss,quant_error,utilization,perplexity
1,1,22.922888325195313,0.548358619556427,0.19053101716995238,0.03862530284881592,0.5226510931015015,0.40283203125,17306.62109375
2,2,22.976936436767577,0.5504302527427674,0.18856937794685363,0.037823313139677045,0.517266496925354,0.383026123046875,16013.427734375
