index,epoch,psnr,ssim,lpips,rec_loss,quant_error,utilization,perplexity
1,1,23.128498779296876,0.5586202751541137,0.1684736249256134,0.0362486634939909,0.005304204818606377,0.99822998046875,63198.33984375
2,2,23.256691932373048,0.5602708706474304,0.16722899901866914,0.03515522676289082,0.0051934502498805525,0.9984588623046875,63513.796875
