index,epoch,psnr,ssim,lpips,rec_loss,quant_error,utilization,perplexity
1,1,23.120612209472657,0.5557350209808349,0.1887007495689392,0.037218894559144976,0.5148045421028137,0.98760986328125,14986.0615234375
2,2,23.14728861328125,0.5550265763473511,0.18335711590290069,0.037168724578619,0.4990074838066101,0.990966796875,15090.95703125
