index,epoch,psnr,ssim,lpips,rec_loss,quant_error,utilization,perplexity
1,1,23.056056314086913,0.5558959827804565,0.17249941700458526,0.036466064541339875,0.005958084746599197,1.0,32385.298828125
2,2,23.139199359741212,0.5566098384857178,0.1720452892589569,0.03594562554776669,0.005865390890836716,1.0,32397.65625
