index,epoch,psnr,ssim,lpips,rec_loss,quant_error,utilization,perplexity
1,1,22.322347833251953,0.4930947194290161,0.2807868224954605,0.04527747194051743,0.8446367160224915,0.2845458984375,1544.1661376953125
2,2,22.610874058227537,0.506305751132965,0.25604320776939393,0.042341309472322466,0.7784411628723145,0.31292724609375,2191.981201171875
