index,epoch,psnr,ssim,lpips,rec_loss,quant_error,utilization,perplexity
1,1,22.895193971557617,0.5470427764129638,0.19376426570892333,0.038706612770557404,0.541961321220398,1.0,12282.5
2,2,22.97145848327637,0.5490407913208007,0.18933593088150025,0.03810114898979664,0.5251791994285584,1.0,12269.1767578125
