index,epoch,psnr,ssim,lpips,rec_loss,quant_error,utilization,perplexity
1,1,22.361055561523436,0.4933682913589478,0.30490258001327514,0.0460931924200058,1.024260679473877,0.173187255859375,928.774658203125
2,2,22.464734853515626,0.4990289625549316,0.26821999519348144,0.04597266310930252,0.9209983673858643,0.192657470703125,1583.1446533203125
