index,epoch,psnr,ssim,lpips,rec_loss,quant_error,utilization,perplexity
1,1,22.902657512207032,0.5494801148605347,0.17569974962234497,0.03765496428668499,0.0069563127464056015,1.0,16235.072265625
2,2,22.994697462158204,0.5526930081558228,0.17679420308589935,0.03695676285326481,0.006840689779818058,1.0,16241.111328125
