index,epoch,psnr,ssim,lpips,rec_loss,quant_error,utilization,perplexity
1,1,20.35239183105469,0.4362916065597534,0.39226627939224246,0.0633259644293785,1.2036781763076783,0.00714111328125,63.776512145996094
2,2,20.64045702270508,0.44596571977615357,0.36418883984565736,0.05966048434495926,1.1191199334716797,0.00714111328125,79.40283966064453
