index,epoch,psnr,ssim,lpips,rec_loss,quant_error,utilization,perplexity
1,1,23.07781109375,0.5547505881118775,0.18926929213523866,0.037229560143351555,0.5178421029663086,0.99127197265625,14988.662109375
2,2,23.09410431640625,0.5544124417877198,0.18429845310211182,0.03746357951462269,0.5006506124973297,0.99237060546875,15075.7666015625
