index,epoch,psnr,ssim,lpips,rec_loss,quant_error,utilization,perplexity
1,1,22.953932932128907,0.5517519662475586,0.17426372283935546,0.037173120459318164,0.0065710919466614726,0.78729248046875,21717.759765625
2,2,23.11642352783203,0.5561668152427673,0.17145461577415466,0.03607681204199791,0.005973426589369774,1.0,29979.96875
