index,epoch,psnr,ssim,lpips,rec_loss,quant_error,utilization,perplexity
1,1,23.201529002075194,0.5602837706947327,0.1801378624725342,0.03639735834538937,0.4751333218479156,0.98809814453125,29797.96875
2,2,23.26300944213867,0.5631972269439697,0.17616707566261292,0.03619861922621727,0.46125475421905515,0.990234375,30103.564453125
