index,epoch,psnr,ssim,lpips,rec_loss,quant_error,utilization,perplexity
1,1,23.142149603271484,0.5583029069900513,0.16812222873687743,0.03611764676690102,0.005316996859908104,1.0,64540.63671875
2,2,23.254915806884764,0.5604997477149963,0.168898161277771,0.035098356424570085,0.005229844970405102,1.0,64546.1796875
