index,epoch,psnr,ssim,lpips,rec_loss,quant_error,utilization,perplexity
1,1,23.37669064453125,0.5681661569976807,0.17130287324905397,0.03518167523562908,0.4370404721069336,0.986907958984375,59553.87109375
2,2,23.458075122680665,0.5712359223747253,0.16774421995639802,0.03488125090956688,0.4242613384246826,0.990875244140625,60030.859375
