index,epoch,psnr,ssim,lpips,rec_loss,quant_error,utilization,perplexity
1,1,22.927156971435547,0.5509384506034851,0.17583913885116578,0.03735969801425934,0.006902998402714729,1.0,16227.162109375
2,2,22.982467477416993,0.552267141418457,0.17501758409976959,0.0370782650321722,0.006832641304284334,1.0,16238.9580078125
