index,epoch,psnr,ssim,lpips,rec_loss,quant_error,utilization,perplexity
1,1,23.184396479492186,0.56128720287323,0.18098740062236787,0.036697547151446346,0.47549885831832883,0.980804443359375,29519.255859375
2,2,23.246399613647462,0.5628052114677429,0.1775289101743698,0.03599152608990669,0.46319903190612793,0.9835205078125,29908.69140625
