index,epoch,psnr,ssim,lpips,rec_loss,quant_error,utilization,perplexity
1,1,22.814947825317383,0.5474558169174194,0.18057786899089814,0.038353123360872265,0.007628504060059786,0.99462890625,12457.1005859375
2,2,22.930536955566406,0.550635613079071,0.17782651263713836,0.03743189431846142,0.007196916157007217,0.99554443359375,13706.1962890625
