index,epoch,psnr,ssim,lpips,rec_loss,quant_error,utilization,perplexity
1,1,20.07233587890625,0.41992730001449585,0.4327733108139038,0.06901938827991486,1.336800207862854,0.00067138671875,28.396955490112305
2,2,20.40814961303711,0.43481404642105104,0.39408117498397827,0.06400906138539314,1.2299557892990112,0.0008697509765625,38.31967544555664
