index,epoch,psnr,ssim,lpips,rec_loss,quant_error,utilization,perplexity
1,1,23.04814053588867,0.5563610062026978,0.17259527547836304,0.03655636105835438,0.005977668984532356,1.0,32394.1953125
2,2,23.137568080444336,0.5569056583595275,0.17077111457824706,0.03597708841264248,0.005897385074198246,1.0,32425.072265625
