index,epoch,psnr,ssim,lpips,rec_loss,quant_error,utilization,perplexity
1,1,20.3123634362793,0.4291744020080566,0.4051582432556152,0.06433549439311027,1.2466657082366943,0.001556396484375,33.83330535888672
2,2,20.594003771972655,0.44309927978515623,0.37696830808639525,0.06040327842473984,1.1695538642120362,0.001800537109375,43.166561126708984
