index,epoch,psnr,ssim,lpips,rec_loss,quant_error,utilization,perplexity
1,1,22.342076135864257,0.4987156941986084,0.2642769555902481,0.04448947869539261,0.8111766310501098,0.095916748046875,2043.646240234375
2,2,22.642912485961915,0.5134059518432618,0.24311178369522093,0.04224829961657524,0.7387878121185303,0.1021728515625,3231.691650390625
