index,epoch,psnr,ssim,lpips,rec_loss,quant_error,utilization,perplexity
1,1,23.25183350463867,0.5623511567497254,0.17989359467983246,0.03606557162821293,0.4750647180747986,0.988128662109375,29950.53515625
2,2,23.312115088500978,0.5636708838653565,0.17532347945213317,0.035829708340168,0.45977816866874693,0.9915771484375,30192.80859375
