index,epoch,psnr,ssim,lpips,rec_loss,quant_error,utilization,perplexity
1,1,22.97138874206543,0.54984605594635,0.1907497726535797,0.03814287291407585,0.5258969626998902,0.414581298828125,17575.587890625
2,2,23.0148943157959,0.5519801431274414,0.1860869109916687,0.03783895945429802,0.5105176481437683,0.41497802734375,17405.3359375
