index,epoch,psnr,ssim,lpips,rec_loss,quant_error,utilization,perplexity
1,1,20.392915408325194,0.4368740771484375,0.3902014668941498,0.06439595428705215,1.2349383994293213,0.0015716552734375,65.8259506225586
2,2,20.698943062744142,0.44871470809936526,0.3646555992221832,0.06006952690601349,1.1463861222076417,0.001953125,84.7980728149414
