index,epoch,psnr,ssim,lpips,rec_loss,quant_error,utilization,perplexity
1,1,23.339027634277343,0.5668900629234314,0.17168940353393555,0.03536488984942436,0.4392943710899353,0.9790191650390625,59172.07421875
2,2,23.46242366882324,0.571104194984436,0.16966979504585267,0.03448916584551334,0.4275197264099121,0.985321044921875,59691.2421875
